filepath,fold,species,species_idx,n_windows,baseline_top1_my_idx,baseline_top1_birdnet_idx,baseline_top1_birdnet_label,baseline_top1_conf,baseline_correct,baseline_top3_correct,pipeline_top1_my_idx,pipeline_top1_conf,pipeline_correct,pipeline_top3_correct
actitis_macularius/GBIF2243806166.mp3,test_clean,Actitis macularius,0,6,,1691,Crotophaga sulcirostris_Groove-billed Ani,0.150696262717247,False,False,13,0.4844098687171936,False,False
actitis_macularius/GBIF2243879083.mp3,test_clean,Actitis macularius,0,3,0.0,83,Actitis macularius_Spotted Sandpiper,0.9517011642456055,True,True,0,0.9998737573623657,True,True
actitis_macularius/GBIF2432411646.mp3,test_clean,Actitis macularius,0,3,0.0,83,Actitis macularius_Spotted Sandpiper,0.9951382279396057,True,True,0,0.999670147895813,True,True
actitis_macularius/GBIF2848569685.mp3,test_clean,Actitis macularius,0,1,,1191,Chelidoptera tenebrosa_Swallow-winged Puffbird,0.12525935471057892,False,False,11,0.2391153872013092,False,True
actitis_macularius/GBIF5995341941.mp3,test_clean,Actitis macularius,0,17,0.0,83,Actitis macularius_Spotted Sandpiper,0.9720864295959473,True,True,0,0.9959158301353455,True,True
actitis_macularius/GBIF6163014589.mp3,test_clean,Actitis macularius,0,10,0.0,83,Actitis macularius_Spotted Sandpiper,0.8545415997505188,True,True,0,0.999785840511322,True,True
actitis_macularius/XC1012552.mp3,test_clean,Actitis macularius,0,6,,5534,Setophaga ruticilla_American Redstart,0.6417708396911621,False,False,0,0.9536638259887695,True,True
actitis_macularius/XC1012650.mp3,test_clean,Actitis macularius,0,6,0.0,83,Actitis macularius_Spotted Sandpiper,0.7054691314697266,True,True,0,0.9830666780471802,True,True
actitis_macularius/XC1013831.mp3,test_clean,Actitis macularius,0,5,0.0,83,Actitis macularius_Spotted Sandpiper,0.9645971655845642,True,True,0,0.9995145797729492,True,True
actitis_macularius/XC1020897.mp3,test_clean,Actitis macularius,0,9,0.0,83,Actitis macularius_Spotted Sandpiper,0.8923813104629517,True,True,0,0.9991328120231628,True,True
actitis_macularius/XC1020900.mp3,test_clean,Actitis macularius,0,3,,4706,Platycercus eximius_Eastern Rosella,0.2713715136051178,False,True,0,0.9836176633834839,True,True
actitis_macularius/XC1020902.mp3,test_clean,Actitis macularius,0,5,,3263,Lonchura punctulata_Scaly-breasted Munia,0.3140473961830139,False,False,0,0.8522805571556091,True,True
actitis_macularius/XC1020924.mp3,test_clean,Actitis macularius,0,3,0.0,83,Actitis macularius_Spotted Sandpiper,0.997957170009613,True,True,0,0.9994276165962219,True,True
actitis_macularius/XC1020930.mp3,test_clean,Actitis macularius,0,2,0.0,83,Actitis macularius_Spotted Sandpiper,0.5169113874435425,True,True,0,0.9998911619186401,True,True
actitis_macularius/XC1020943.mp3,test_clean,Actitis macularius,0,4,0.0,83,Actitis macularius_Spotted Sandpiper,0.9934911727905273,True,True,0,0.9959573149681091,True,True
actitis_macularius/XC1021002.mp3,test_clean,Actitis macularius,0,13,0.0,83,Actitis macularius_Spotted Sandpiper,0.7032878994941711,True,True,0,0.9962087869644165,True,True
actitis_macularius/XC1022162.mp3,test_clean,Actitis macularius,0,15,,1037,Catharus ustulatus_Swainson's Thrush,0.8824480772018433,False,True,0,0.9126017689704895,True,True
actitis_macularius/XC1045113.mp3,test_clean,Actitis macularius,0,5,,2643,Haematopus ostralegus_Eurasian Oystercatcher,0.6170845627784729,False,True,0,0.9917091727256775,True,True
actitis_macularius/XC1092989.mp3,test_clean,Actitis macularius,0,3,0.0,83,Actitis macularius_Spotted Sandpiper,0.9999374151229858,True,True,0,0.999993085861206,True,True
actitis_macularius/XC255373.mp3,test_clean,Actitis macularius,0,4,0.0,83,Actitis macularius_Spotted Sandpiper,0.9940458536148071,True,True,0,0.9993682503700256,True,True
actitis_macularius/XC308827.mp3,test_clean,Actitis macularius,0,13,,6160,Tringa solitaria_Solitary Sandpiper,0.39401933550834656,False,True,0,0.9202820062637329,True,True
actitis_macularius/XC31322.mp3,test_clean,Actitis macularius,0,8,0.0,83,Actitis macularius_Spotted Sandpiper,0.9977594017982483,True,True,0,0.9997377991676331,True,True
actitis_macularius/XC31323.mp3,test_clean,Actitis macularius,0,3,0.0,83,Actitis macularius_Spotted Sandpiper,0.8280768394470215,True,True,0,0.9970380067825317,True,True
actitis_macularius/XC480225.mp3,test_clean,Actitis macularius,0,7,0.0,83,Actitis macularius_Spotted Sandpiper,0.9999663829803467,True,True,0,0.9999493360519409,True,True
actitis_macularius/XC599857.mp3,test_clean,Actitis macularius,0,26,0.0,83,Actitis macularius_Spotted Sandpiper,0.9951711297035217,True,True,0,0.9999748468399048,True,True
actitis_macularius/XC610099.mp3,test_clean,Actitis macularius,0,2,0.0,83,Actitis macularius_Spotted Sandpiper,0.684627890586853,True,True,0,0.9998501539230347,True,True
actitis_macularius/XC644889.mp3,test_clean,Actitis macularius,0,14,0.0,83,Actitis macularius_Spotted Sandpiper,0.9932398796081543,True,True,0,0.9994691014289856,True,True
actitis_macularius/XC663104.mp3,test_clean,Actitis macularius,0,3,0.0,83,Actitis macularius_Spotted Sandpiper,0.28218236565589905,True,True,0,0.9927606582641602,True,True
actitis_macularius/XC679285.mp3,test_clean,Actitis macularius,0,3,0.0,83,Actitis macularius_Spotted Sandpiper,0.9952640533447266,True,True,0,0.9999947547912598,True,True
actitis_macularius/XC794038.mp3,test_clean,Actitis macularius,0,13,0.0,83,Actitis macularius_Spotted Sandpiper,0.9961408972740173,True,True,0,0.9845181107521057,True,True
actitis_macularius/XC805362.mp3,test_clean,Actitis macularius,0,4,0.0,83,Actitis macularius_Spotted Sandpiper,0.9144365191459656,True,True,0,0.9988351464271545,True,True
ara_ararauna/GBIF2243554606.mp3,test_clean,Ara ararauna,1,4,1.0,435,Ara ararauna_Blue-and-yellow Macaw,0.7866594195365906,True,True,1,0.9999979734420776,True,True
ara_ararauna/GBIF2243565576.mp3,test_clean,Ara ararauna,1,6,,438,Ara macao_Scarlet Macaw,0.6716457605361938,False,True,1,0.9999994039535522,True,True
ara_ararauna/GBIF2243582171.mp3,test_clean,Ara ararauna,1,11,1.0,435,Ara ararauna_Blue-and-yellow Macaw,0.9916983246803284,True,True,1,0.9999986886978149,True,True
ara_ararauna/GBIF2243635297.mp3,test_clean,Ara ararauna,1,13,,3768,Myiornis ecaudatus_Short-tailed Pygmy-Tyrant,0.9979164600372314,False,True,1,0.9999209642410278,True,True
ara_ararauna/GBIF2243652494.mp3,test_clean,Ara ararauna,1,16,1.0,435,Ara ararauna_Blue-and-yellow Macaw,0.9402387738227844,True,True,1,0.9999949932098389,True,True
ara_ararauna/GBIF2243652827.mp3,test_clean,Ara ararauna,1,7,1.0,435,Ara ararauna_Blue-and-yellow Macaw,0.12853452563285828,True,True,1,0.4965915381908417,True,True
ara_ararauna/GBIF2243679096.mp3,test_clean,Ara ararauna,1,3,1.0,435,Ara ararauna_Blue-and-yellow Macaw,0.8764351606369019,True,True,1,0.9999991655349731,True,True
ara_ararauna/GBIF2243684321.mp3,test_clean,Ara ararauna,1,4,,2038,Dysithamnus puncticeps_Spot-crowned Antvireo,0.1707243025302887,False,True,1,0.9869517087936401,True,True
ara_ararauna/GBIF2243796009.mp3,test_clean,Ara ararauna,1,4,1.0,435,Ara ararauna_Blue-and-yellow Macaw,0.8060964941978455,True,True,1,0.9960183501243591,True,True
ara_ararauna/GBIF2243833278.mp3,test_clean,Ara ararauna,1,10,,467,Ardea alba_Great Egret,0.49850594997406006,False,True,1,0.9972389936447144,True,True
ara_ararauna/GBIF2243840159.mp3,test_clean,Ara ararauna,1,3,,438,Ara macao_Scarlet Macaw,0.7620831727981567,False,True,1,0.9999843835830688,True,True
ara_ararauna/GBIF2243847408.mp3,test_clean,Ara ararauna,1,3,1.0,435,Ara ararauna_Blue-and-yellow Macaw,0.4774823784828186,True,True,1,0.999894380569458,True,True
ara_ararauna/GBIF2432416258.mp3,test_clean,Ara ararauna,1,17,,438,Ara macao_Scarlet Macaw,0.8416274189949036,False,True,1,0.9958333969116211,True,True
ara_ararauna/GBIF2609686722.mp3,test_clean,Ara ararauna,1,10,1.0,435,Ara ararauna_Blue-and-yellow Macaw,0.4000970125198364,True,True,1,0.999812662601471,True,True
ara_ararauna/GBIF2848586527.mp3,test_clean,Ara ararauna,1,24,1.0,435,Ara ararauna_Blue-and-yellow Macaw,0.9735170006752014,True,True,1,0.986713171005249,True,True
ara_ararauna/GBIF2992206739.mp3,test_clean,Ara ararauna,1,10,,4113,Ortalis guttata_Speckled Chachalaca,0.5028014779090881,False,False,1,0.3194236755371094,True,True
ara_ararauna/GBIF2992209310.mp3,test_clean,Ara ararauna,1,14,1.0,435,Ara ararauna_Blue-and-yellow Macaw,0.8720442056655884,True,True,1,0.9999988079071045,True,True
ara_ararauna/GBIF3076281638.mp3,test_clean,Ara ararauna,1,1,1.0,435,Ara ararauna_Blue-and-yellow Macaw,0.9456983804702759,True,True,1,0.9999996423721313,True,True
ara_ararauna/GBIF3353666418.mp3,test_clean,Ara ararauna,1,30,1.0,435,Ara ararauna_Blue-and-yellow Macaw,0.9499971866607666,True,True,1,0.9989903569221497,True,True
ara_ararauna/GBIF4135518520.mp3,test_clean,Ara ararauna,1,12,1.0,435,Ara ararauna_Blue-and-yellow Macaw,0.9844070076942444,True,True,1,0.9999994039535522,True,True
ara_ararauna/GBIF4923898486.mp3,test_clean,Ara ararauna,1,21,1.0,435,Ara ararauna_Blue-and-yellow Macaw,0.6779025793075562,True,True,1,0.9994686245918274,True,True
ara_ararauna/GBIF5867894016.mp3,test_clean,Ara ararauna,1,4,1.0,435,Ara ararauna_Blue-and-yellow Macaw,0.7033684253692627,True,True,1,0.9881106615066528,True,True
ara_ararauna/GBIF5995326983.mp3,test_clean,Ara ararauna,1,4,,439,Ara militaris_Military Macaw,0.6460703611373901,False,True,1,0.999998927116394,True,True
ara_ararauna/XC172592.mp3,test_clean,Ara ararauna,1,12,1.0,435,Ara ararauna_Blue-and-yellow Macaw,0.9903891682624817,True,True,1,1.0,True,True
ara_ararauna/XC3015.mp3,test_clean,Ara ararauna,1,7,1.0,435,Ara ararauna_Blue-and-yellow Macaw,0.9694381356239319,True,True,1,0.9999998807907104,True,True
ara_ararauna/XC53360.mp3,test_clean,Ara ararauna,1,13,1.0,435,Ara ararauna_Blue-and-yellow Macaw,0.9660214781761169,True,True,1,0.9738751649856567,True,True
ara_ararauna/XC60534.mp3,test_clean,Ara ararauna,1,7,1.0,435,Ara ararauna_Blue-and-yellow Macaw,0.9437173008918762,True,True,1,0.9999817609786987,True,True
ara_ararauna/XC64897.mp3,test_clean,Ara ararauna,1,12,1.0,435,Ara ararauna_Blue-and-yellow Macaw,0.8908736705780029,True,True,1,0.999948263168335,True,True
ara_ararauna/XC83328.mp3,test_clean,Ara ararauna,1,11,1.0,435,Ara ararauna_Blue-and-yellow Macaw,0.875886857509613,True,True,1,0.9994569420814514,True,True
calidris_bairdii/GBIF2243581133.mp3,test_clean,Calidris bairdii,2,17,2.0,854,Calidris bairdii_Baird's Sandpiper,0.9736539721488953,True,True,2,0.9979096055030823,True,True
calidris_bairdii/GBIF2243583897.mp3,test_clean,Calidris bairdii,2,4,,853,Calidris alpina_Dunlin,0.9235619306564331,False,True,2,0.9702451825141907,True,True
calidris_bairdii/GBIF2243807006.mp3,test_clean,Calidris bairdii,2,4,2.0,854,Calidris bairdii_Baird's Sandpiper,0.9500523209571838,True,True,2,0.9762821793556213,True,True
calidris_bairdii/GBIF2243877494.mp3,test_clean,Calidris bairdii,2,22,2.0,854,Calidris bairdii_Baird's Sandpiper,0.9995898008346558,True,True,2,0.9936383366584778,True,True
calidris_bairdii/GBIF2609677679.mp3,test_clean,Calidris bairdii,2,9,,6162,Tringa totanus_Common Redshank,0.614708662033081,False,False,5,0.37909600138664246,False,True
calidris_bairdii/GBIF3436654379.mp3,test_clean,Calidris bairdii,2,4,2.0,854,Calidris bairdii_Baird's Sandpiper,0.9668387770652771,True,True,2,0.9639227390289307,True,True
calidris_bairdii/XC148500.mp3,test_clean,Calidris bairdii,2,1,2.0,854,Calidris bairdii_Baird's Sandpiper,0.43908849358558655,True,True,2,0.9986579418182373,True,True
calidris_bairdii/XC491073.mp3,test_clean,Calidris bairdii,2,35,2.0,854,Calidris bairdii_Baird's Sandpiper,0.9998972415924072,True,True,2,0.9817954897880554,True,True
calidris_bairdii/XC613406.mp3,test_clean,Calidris bairdii,2,3,2.0,854,Calidris bairdii_Baird's Sandpiper,0.8939810395240784,True,True,2,0.8149700164794922,True,True
calidris_bairdii/XC680388.mp3,test_clean,Calidris bairdii,2,2,,6456,Zapornia bicolor_Black-tailed Crake,0.5621491074562073,False,False,2,0.41984301805496216,True,True
calidris_bairdii/XC744635.mp3,test_clean,Calidris bairdii,2,9,2.0,854,Calidris bairdii_Baird's Sandpiper,0.9984078407287598,True,True,2,0.99004727602005,True,True
calidris_bairdii/XC921005.mp3,test_clean,Calidris bairdii,2,14,,6157,Tringa nebularia_Common Greenshank,0.75472491979599,False,False,6,0.7633575201034546,False,True
calidris_canutus/GBIF1975781150.mp3,test_clean,Calidris canutus,3,4,3.0,855,Calidris canutus_Red Knot,0.9972195625305176,True,True,3,0.9999810457229614,True,True
calidris_canutus/GBIF2243563071.mp3,test_clean,Calidris canutus,3,12,,258,Anas acuta_Northern Pintail,0.7867695093154907,False,False,3,0.9662975668907166,True,True
calidris_canutus/GBIF2243574386.mp3,test_clean,Calidris canutus,3,8,3.0,855,Calidris canutus_Red Knot,0.9993195533752441,True,True,3,0.9826452732086182,True,True
calidris_canutus/GBIF2243609114.mp3,test_clean,Calidris canutus,3,34,3.0,855,Calidris canutus_Red Knot,0.9983362555503845,True,True,3,0.9329315423965454,True,True
calidris_canutus/GBIF2243669643.mp3,test_clean,Calidris canutus,3,3,3.0,855,Calidris canutus_Red Knot,0.9961097240447998,True,True,3,0.9999316930770874,True,True
calidris_canutus/GBIF2432447194.mp3,test_clean,Calidris canutus,3,3,3.0,855,Calidris canutus_Red Knot,0.25098875164985657,True,True,3,0.9998843669891357,True,True
calidris_canutus/GBIF2609683377.mp3,test_clean,Calidris canutus,3,18,3.0,855,Calidris canutus_Red Knot,0.9732292294502258,True,True,3,0.999947190284729,True,True
calidris_canutus/GBIF2848591766.mp3,test_clean,Calidris canutus,3,4,3.0,855,Calidris canutus_Red Knot,0.19342516362667084,True,True,3,0.9949677586555481,True,True
calidris_canutus/GBIF2848604221.mp3,test_clean,Calidris canutus,3,3,,569,Athene noctua_Little Owl,0.48501116037368774,False,False,3,0.9997028708457947,True,True
calidris_canutus/GBIF2982191688.mp3,test_clean,Calidris canutus,3,9,3.0,855,Calidris canutus_Red Knot,0.9878600239753723,True,True,3,0.9999209642410278,True,True
calidris_canutus/GBIF2982195491.mp3,test_clean,Calidris canutus,3,8,3.0,855,Calidris canutus_Red Knot,0.8979161381721497,True,True,3,0.9988730549812317,True,True
calidris_canutus/GBIF2982198529.mp3,test_clean,Calidris canutus,3,9,,485,Arenaria interpres_Ruddy Turnstone,0.8212841153144836,False,False,3,0.9861766695976257,True,True
calidris_canutus/GBIF2982202514.mp3,test_clean,Calidris canutus,3,1,3.0,855,Calidris canutus_Red Knot,0.41837671399116516,True,True,3,0.9999825954437256,True,True
calidris_canutus/GBIF2982204682.mp3,test_clean,Calidris canutus,3,9,,468,Ardea cinerea_Gray Heron,0.492387980222702,False,False,3,0.997230589389801,True,True
calidris_canutus/GBIF2982206033.mp3,test_clean,Calidris canutus,3,7,3.0,855,Calidris canutus_Red Knot,0.8805854320526123,True,True,3,0.9999469518661499,True,True
calidris_canutus/GBIF2982208045.mp3,test_clean,Calidris canutus,3,4,3.0,855,Calidris canutus_Red Knot,0.7516095042228699,True,True,3,0.9999842643737793,True,True
calidris_canutus/GBIF2992207383.mp3,test_clean,Calidris canutus,3,6,3.0,855,Calidris canutus_Red Knot,0.9099457263946533,True,True,3,0.9996469020843506,True,True
calidris_canutus/GBIF3111496725.mp3,test_clean,Calidris canutus,3,4,,4859,Porzana carolina_Sora,0.8122719526290894,False,True,3,0.9997370839118958,True,True
calidris_canutus/GBIF3436656413.mp3,test_clean,Calidris canutus,3,8,3.0,855,Calidris canutus_Red Knot,0.8110735416412354,True,True,3,0.9999579191207886,True,True
calidris_canutus/GBIF3753044447.mp3,test_clean,Calidris canutus,3,4,3.0,855,Calidris canutus_Red Knot,0.9440082907676697,True,True,3,0.9999339580535889,True,True
calidris_canutus/GBIF3769756428.mp3,test_clean,Calidris canutus,3,3,3.0,855,Calidris canutus_Red Knot,0.7166290879249573,True,True,3,0.9996055960655212,True,True
calidris_canutus/GBIF3813656395.mp3,test_clean,Calidris canutus,3,8,3.0,855,Calidris canutus_Red Knot,0.9411784410476685,True,True,3,0.9999425411224365,True,True
calidris_canutus/GBIF3909402581.mp3,test_clean,Calidris canutus,3,2,,4859,Porzana carolina_Sora,0.7338643074035645,False,False,3,0.9864309430122375,True,True
calidris_canutus/GBIF3909404848.mp3,test_clean,Calidris canutus,3,3,,5760,Strix aluco_Tawny Owl,0.2681311368942261,False,False,3,0.9997454285621643,True,True
calidris_canutus/GBIF3994952071.mp3,test_clean,Calidris canutus,3,4,3.0,855,Calidris canutus_Red Knot,0.8948747515678406,True,True,3,0.9999393224716187,True,True
calidris_canutus/GBIF3994953217.mp3,test_clean,Calidris canutus,3,5,3.0,855,Calidris canutus_Red Knot,0.924292266368866,True,True,3,0.9986074566841125,True,True
calidris_canutus/GBIF3994955265.mp3,test_clean,Calidris canutus,3,9,,1168,Charadrius hiaticula_Common Ringed Plover,0.22207790613174438,False,False,3,0.9913370609283447,True,True
calidris_canutus/GBIF4412552581.mp3,test_clean,Calidris canutus,3,8,,2074,Elanus caeruleus_Black-winged Kite,0.3413811922073364,False,False,3,0.22947758436203003,True,True
calidris_canutus/GBIF4423533308.mp3,test_clean,Calidris canutus,3,4,,139,Aix galericulata_Mandarin Duck,0.7412306666374207,False,False,3,0.9871262907981873,True,True
calidris_canutus/GBIF4878514138.mp3,test_clean,Calidris canutus,3,3,,874,Calidris virgata_Surfbird,0.04995395243167877,False,False,3,0.9343433976173401,True,True
calidris_canutus/GBIF4886226839.mp3,test_clean,Calidris canutus,3,2,,5760,Strix aluco_Tawny Owl,0.10257267206907272,False,True,3,0.9999051094055176,True,True
calidris_canutus/GBIF5151722669.mp3,test_clean,Calidris canutus,3,18,,6243,Turdus iliacus_Redwing,0.8986481428146362,False,False,3,0.8609618544578552,True,True
calidris_canutus/GBIF5995316970.mp3,test_clean,Calidris canutus,3,11,3.0,855,Calidris canutus_Red Knot,0.8671709299087524,True,True,3,0.9985811710357666,True,True
calidris_canutus/GBIF5995317639.mp3,test_clean,Calidris canutus,3,3,3.0,855,Calidris canutus_Red Knot,0.2940709888935089,True,True,3,0.9996065497398376,True,True
calidris_canutus/GBIF5995327849.mp3,test_clean,Calidris canutus,3,8,3.0,855,Calidris canutus_Red Knot,0.8107949495315552,True,True,3,0.9996538162231445,True,True
calidris_fuscicollis/GBIF2243560133.mp3,test_clean,Calidris fuscicollis,4,26,4.0,858,Calidris fuscicollis_White-rumped Sandpiper,0.999177098274231,True,True,4,0.997866690158844,True,True
calidris_fuscicollis/GBIF2243591977.mp3,test_clean,Calidris fuscicollis,4,9,4.0,858,Calidris fuscicollis_White-rumped Sandpiper,0.980652928352356,True,True,4,0.8920941948890686,True,True
calidris_fuscicollis/GBIF2243885967.mp3,test_clean,Calidris fuscicollis,4,7,4.0,858,Calidris fuscicollis_White-rumped Sandpiper,0.9914323687553406,True,True,4,0.9944158792495728,True,True
calidris_fuscicollis/GBIF2432403897.mp3,test_clean,Calidris fuscicollis,4,3,,2098,Emberiza citrinella_Yellowhammer,0.8343867063522339,False,False,4,0.6232709884643555,True,True
calidris_fuscicollis/XC1012645.mp3,test_clean,Calidris fuscicollis,4,5,,1179,Charadrius semipalmatus_Semipalmated Plover,0.6179206371307373,False,False,6,0.3494303524494171,False,True
calidris_fuscicollis/XC460709.mp3,test_clean,Calidris fuscicollis,4,2,4.0,858,Calidris fuscicollis_White-rumped Sandpiper,0.9304336905479431,True,True,4,0.9359335899353027,True,True
calidris_fuscicollis/XC61753.mp3,test_clean,Calidris fuscicollis,4,4,4.0,858,Calidris fuscicollis_White-rumped Sandpiper,0.7004918456077576,True,True,4,0.9978671073913574,True,True
calidris_melanotos/GBIF2243582504.mp3,test_clean,Calidris melanotos,5,4,4.0,858,Calidris fuscicollis_White-rumped Sandpiper,0.12106579542160034,False,False,5,0.4311586916446686,True,True
calidris_melanotos/GBIF2243585993.mp3,test_clean,Calidris melanotos,5,5,5.0,862,Calidris melanotos_Pectoral Sandpiper,0.8591738343238831,True,True,5,0.9930971264839172,True,True
calidris_melanotos/GBIF2243819163.mp3,test_clean,Calidris melanotos,5,3,,3082,Lanius schach_Long-tailed Shrike,0.3070301413536072,False,True,5,0.8985940217971802,True,True
calidris_melanotos/GBIF2243859775.mp3,test_clean,Calidris melanotos,5,3,5.0,862,Calidris melanotos_Pectoral Sandpiper,0.8805787563323975,True,True,5,0.9863227605819702,True,True
calidris_melanotos/GBIF3994954255.mp3,test_clean,Calidris melanotos,5,3,5.0,862,Calidris melanotos_Pectoral Sandpiper,0.702525794506073,True,True,5,0.9987635612487793,True,True
calidris_melanotos/GBIF5995318870.mp3,test_clean,Calidris melanotos,5,3,5.0,862,Calidris melanotos_Pectoral Sandpiper,0.7886313199996948,True,True,5,0.8146930932998657,True,True
calidris_melanotos/XC109291.mp3,test_clean,Calidris melanotos,5,4,5.0,862,Calidris melanotos_Pectoral Sandpiper,0.9709560871124268,True,True,5,0.9985550045967102,True,True
calidris_melanotos/XC141707.mp3,test_clean,Calidris melanotos,5,4,5.0,862,Calidris melanotos_Pectoral Sandpiper,0.17088361084461212,True,True,5,0.9994091987609863,True,True
calidris_melanotos/XC239619.mp3,test_clean,Calidris melanotos,5,3,5.0,862,Calidris melanotos_Pectoral Sandpiper,0.9234021306037903,True,True,5,0.9609321355819702,True,True
calidris_melanotos/XC276937.mp3,test_clean,Calidris melanotos,5,3,5.0,862,Calidris melanotos_Pectoral Sandpiper,0.9054685831069946,True,True,5,0.9995032548904419,True,True
calidris_melanotos/XC406454.mp3,test_clean,Calidris melanotos,5,4,,5591,Spatula clypeata_Northern Shoveler,0.2108369618654251,False,True,5,0.9984661340713501,True,True
calidris_melanotos/XC406457.mp3,test_clean,Calidris melanotos,5,4,,842,Calcarius lapponicus_Lapland Longspur,0.6893079876899719,False,True,5,0.982364296913147,True,True
calidris_melanotos/XC406459.mp3,test_clean,Calidris melanotos,5,1,,5042,Pterocles exustus_Chestnut-bellied Sandgrouse,0.7037031650543213,False,False,5,0.997958779335022,True,True
calidris_melanotos/XC406460.mp3,test_clean,Calidris melanotos,5,24,5.0,862,Calidris melanotos_Pectoral Sandpiper,0.9999285936355591,True,True,5,0.9997194409370422,True,True
calidris_minutilla/GBIF2243635064.mp3,test_clean,Calidris minutilla,6,9,,5831,Synallaxis gujanensis_Plain-crowned Spinetail,0.522733211517334,False,False,3,0.8254446983337402,False,True
calidris_minutilla/GBIF2243652432.mp3,test_clean,Calidris minutilla,6,1,6.0,864,Calidris minutilla_Least Sandpiper,0.724016547203064,True,True,6,0.9997352957725525,True,True
calidris_minutilla/GBIF3994952333.mp3,test_clean,Calidris minutilla,6,3,6.0,864,Calidris minutilla_Least Sandpiper,0.3247864246368408,True,True,6,0.9914998412132263,True,True
calidris_minutilla/GBIF3994957339.mp3,test_clean,Calidris minutilla,6,2,6.0,864,Calidris minutilla_Least Sandpiper,0.9269028306007385,True,True,6,0.9850737452507019,True,True
calidris_minutilla/XC1021160.mp3,test_clean,Calidris minutilla,6,2,6.0,864,Calidris minutilla_Least Sandpiper,0.48745906352996826,True,True,6,0.998166024684906,True,True
calidris_minutilla/XC1021163.mp3,test_clean,Calidris minutilla,6,2,6.0,864,Calidris minutilla_Least Sandpiper,0.32906845211982727,True,True,6,0.9748534560203552,True,True
calidris_minutilla/XC1021168.mp3,test_clean,Calidris minutilla,6,4,6.0,864,Calidris minutilla_Least Sandpiper,0.8499621748924255,True,True,6,0.9487791657447815,True,True
calidris_minutilla/XC1021174.mp3,test_clean,Calidris minutilla,6,7,6.0,864,Calidris minutilla_Least Sandpiper,0.9064834117889404,True,True,6,0.9995194673538208,True,True
calidris_minutilla/XC1021180.mp3,test_clean,Calidris minutilla,6,5,2.0,854,Calidris bairdii_Baird's Sandpiper,0.44794580340385437,False,False,6,0.8789412379264832,True,True
calidris_minutilla/XC1021196.mp3,test_clean,Calidris minutilla,6,2,,853,Calidris alpina_Dunlin,0.4676324725151062,False,False,2,0.29907193779945374,False,True
calidris_minutilla/XC1046260.mp3,test_clean,Calidris minutilla,6,1,,4483,Phoenicurus phoenicurus_Common Redstart,0.06500616669654846,False,False,6,0.9877983927726746,True,True
calidris_minutilla/XC17827.mp3,test_clean,Calidris minutilla,6,4,,860,Calidris maritima_Purple Sandpiper,0.12613680958747864,False,False,3,0.8156558871269226,False,False
calidris_minutilla/XC190475.mp3,test_clean,Calidris minutilla,6,3,6.0,864,Calidris minutilla_Least Sandpiper,0.9931133985519409,True,True,6,0.9995086193084717,True,True
calidris_minutilla/XC220055.mp3,test_clean,Calidris minutilla,6,5,6.0,864,Calidris minutilla_Least Sandpiper,0.9882643222808838,True,True,6,0.9998936653137207,True,True
calidris_minutilla/XC431175.mp3,test_clean,Calidris minutilla,6,5,,5214,Rallus aquaticus_Water Rail,0.5807814598083496,False,False,18,0.3870629668235779,False,False
calidris_minutilla/XC452511.mp3,test_clean,Calidris minutilla,6,2,6.0,864,Calidris minutilla_Least Sandpiper,0.8137964606285095,True,True,6,0.9966004490852356,True,True
calidris_minutilla/XC623993.mp3,test_clean,Calidris minutilla,6,6,,5810,Sylviorthorhynchus desmursii_Des Murs's Wiretail,0.9198516607284546,False,True,6,0.9918910264968872,True,True
calidris_minutilla/XC803185.mp3,test_clean,Calidris minutilla,6,2,6.0,864,Calidris minutilla_Least Sandpiper,0.5244027376174927,True,True,6,0.9888095259666443,True,True
calidris_minutilla/XC87086.mp3,test_clean,Calidris minutilla,6,8,,1182,Charadrius vociferus_Killdeer,0.8307943940162659,False,False,6,0.9796878099441528,True,True
calidris_minutilla/XC87087.mp3,test_clean,Calidris minutilla,6,11,6.0,864,Calidris minutilla_Least Sandpiper,0.9916108846664429,True,True,6,0.9999862909317017,True,True
calidris_minutilla/XC916954.mp3,test_clean,Calidris minutilla,6,10,,861,Calidris mauri_Western Sandpiper,0.8005737066268921,False,True,6,0.7507473230361938,True,True
calidris_minutilla/XC954846.mp3,test_clean,Calidris minutilla,6,3,,1497,Columbina inca_Inca Dove,0.9360829591751099,False,True,6,0.9998503923416138,True,True
calidris_pusilla/GBIF2534092618.mp3,test_clean,Calidris pusilla,7,3,4.0,858,Calidris fuscicollis_White-rumped Sandpiper,0.48115357756614685,False,True,7,0.7578619718551636,True,True
calidris_pusilla/GBIF2534094050.mp3,test_clean,Calidris pusilla,7,7,,5724,Sternula antillarum_Least Tern,0.5802996754646301,False,True,7,0.6821949481964111,True,True
calidris_pusilla/GBIF2848565703.mp3,test_clean,Calidris pusilla,7,4,,2386,Furnarius leucopus_Pale-legged Hornero,0.553200364112854,False,False,7,0.9423125982284546,True,True
calidris_pusilla/XC1027122.mp3,test_clean,Calidris pusilla,7,17,7.0,867,Calidris pusilla_Semipalmated Sandpiper,0.9690483212471008,True,True,7,0.9986416697502136,True,True
calidris_pusilla/XC1027128.mp3,test_clean,Calidris pusilla,7,61,,3196,Leucophaeus atricilla_Laughing Gull,0.899167537689209,False,False,7,0.9955586194992065,True,True
calidris_pusilla/XC1027130.mp3,test_clean,Calidris pusilla,7,10,7.0,867,Calidris pusilla_Semipalmated Sandpiper,0.7929697632789612,True,True,7,0.9838823080062866,True,True
calidris_pusilla/XC145895.mp3,test_clean,Calidris pusilla,7,5,7.0,867,Calidris pusilla_Semipalmated Sandpiper,0.9852534532546997,True,True,7,0.9970869421958923,True,True
calidris_pusilla/XC145904.mp3,test_clean,Calidris pusilla,7,7,7.0,867,Calidris pusilla_Semipalmated Sandpiper,0.9774994254112244,True,True,7,0.998684823513031,True,True
calidris_pusilla/XC145905.mp3,test_clean,Calidris pusilla,7,2,7.0,867,Calidris pusilla_Semipalmated Sandpiper,0.23642286658287048,True,True,7,0.5190209746360779,True,True
calidris_pusilla/XC145907.mp3,test_clean,Calidris pusilla,7,3,7.0,867,Calidris pusilla_Semipalmated Sandpiper,0.9784058332443237,True,True,7,0.9756187200546265,True,True
calidris_pusilla/XC354716.mp3,test_clean,Calidris pusilla,7,16,7.0,867,Calidris pusilla_Semipalmated Sandpiper,0.9841841459274292,True,True,7,0.9695945382118225,True,True
calidris_pusilla/XC354721.mp3,test_clean,Calidris pusilla,7,38,7.0,867,Calidris pusilla_Semipalmated Sandpiper,0.9986937046051025,True,True,7,0.9980406165122986,True,True
calidris_pusilla/XC38466.mp3,test_clean,Calidris pusilla,7,2,7.0,867,Calidris pusilla_Semipalmated Sandpiper,0.8897567391395569,True,True,7,0.9979435801506042,True,True
calidris_pusilla/XC406234.mp3,test_clean,Calidris pusilla,7,22,7.0,867,Calidris pusilla_Semipalmated Sandpiper,0.9996224045753479,True,True,7,0.9997584223747253,True,True
calidris_pusilla/XC406422.mp3,test_clean,Calidris pusilla,7,18,7.0,867,Calidris pusilla_Semipalmated Sandpiper,0.9988806247711182,True,True,7,0.9966790676116943,True,True
calidris_pusilla/XC424198.mp3,test_clean,Calidris pusilla,7,28,7.0,867,Calidris pusilla_Semipalmated Sandpiper,0.9992610812187195,True,True,7,0.9999613761901855,True,True
calidris_pusilla/XC77514.mp3,test_clean,Calidris pusilla,7,44,7.0,867,Calidris pusilla_Semipalmated Sandpiper,0.975680947303772,True,True,7,0.9796481728553772,True,True
chauna_torquata/GBIF2243583045.mp3,test_clean,Chauna torquata,8,6,8.0,1190,Chauna torquata_Southern Screamer,0.9889106750488281,True,True,8,0.9988382458686829,True,True
chauna_torquata/GBIF2243599094.mp3,test_clean,Chauna torquata,8,7,8.0,1190,Chauna torquata_Southern Screamer,0.9999215602874756,True,True,8,0.9979435801506042,True,True
chauna_torquata/GBIF2243635553.mp3,test_clean,Chauna torquata,8,4,8.0,1190,Chauna torquata_Southern Screamer,0.8186215758323669,True,True,8,0.9910293817520142,True,True
chauna_torquata/GBIF2243636999.mp3,test_clean,Chauna torquata,8,25,8.0,1190,Chauna torquata_Southern Screamer,0.9999737739562988,True,True,8,0.9999954700469971,True,True
chauna_torquata/GBIF2243860092.mp3,test_clean,Chauna torquata,8,5,8.0,1190,Chauna torquata_Southern Screamer,0.9736544489860535,True,True,8,0.9966514706611633,True,True
chauna_torquata/GBIF2243861634.mp3,test_clean,Chauna torquata,8,8,8.0,1190,Chauna torquata_Southern Screamer,0.9999582171440125,True,True,8,0.9999712705612183,True,True
chauna_torquata/GBIF2243880905.mp3,test_clean,Chauna torquata,8,1,8.0,1190,Chauna torquata_Southern Screamer,0.9957193732261658,True,True,8,0.9999964237213135,True,True
chauna_torquata/GBIF2265816813.mp3,test_clean,Chauna torquata,8,3,8.0,1190,Chauna torquata_Southern Screamer,0.8179249167442322,True,True,8,0.9988871216773987,True,True
chauna_torquata/GBIF2432431310.mp3,test_clean,Chauna torquata,8,10,8.0,1190,Chauna torquata_Southern Screamer,0.9987421035766602,True,True,8,0.9997871518135071,True,True
chauna_torquata/GBIF2534097154.mp3,test_clean,Chauna torquata,8,25,8.0,1190,Chauna torquata_Southern Screamer,0.9996388554573059,True,True,8,0.9908297061920166,True,True
chauna_torquata/GBIF2609693082.mp3,test_clean,Chauna torquata,8,4,8.0,1190,Chauna torquata_Southern Screamer,0.9926366806030273,True,True,8,0.9998118281364441,True,True
chauna_torquata/GBIF3406519430.mp3,test_clean,Chauna torquata,8,7,8.0,1190,Chauna torquata_Southern Screamer,0.9957669973373413,True,True,8,0.9997878670692444,True,True
chauna_torquata/GBIF3753052388.mp3,test_clean,Chauna torquata,8,4,8.0,1190,Chauna torquata_Southern Screamer,0.6459048986434937,True,True,8,0.9945395588874817,True,True
chauna_torquata/XC1096921.mp3,test_clean,Chauna torquata,8,19,8.0,1190,Chauna torquata_Southern Screamer,0.998562753200531,True,True,8,0.9999496936798096,True,True
chauna_torquata/XC181373.mp3,test_clean,Chauna torquata,8,8,8.0,1190,Chauna torquata_Southern Screamer,0.9620364308357239,True,True,8,0.998706579208374,True,True
chauna_torquata/XC30344.mp3,test_clean,Chauna torquata,8,1,8.0,1190,Chauna torquata_Southern Screamer,0.9964666366577148,True,True,8,0.9999984502792358,True,True
chauna_torquata/XC50359.mp3,test_clean,Chauna torquata,8,22,8.0,1190,Chauna torquata_Southern Screamer,0.9998907446861267,True,True,8,0.999704897403717,True,True
columba_livia/GBIF2243706097.mp3,test_clean,Columba livia,9,14,9.0,1489,Columba livia_Rock Pigeon,0.9967818856239319,True,True,9,0.9953122138977051,True,True
columba_livia/GBIF2243808455.mp3,test_clean,Columba livia,9,1,9.0,1489,Columba livia_Rock Pigeon,0.037090759724378586,True,True,9,0.904024600982666,True,True
columba_livia/GBIF2243834698.mp3,test_clean,Columba livia,9,14,9.0,1489,Columba livia_Rock Pigeon,0.9677737355232239,True,True,9,0.9996834993362427,True,True
columba_livia/GBIF4459193515.mp3,test_clean,Columba livia,9,3,,2029,Ducula zoeae_Zoe's Imperial-Pigeon,0.3279241919517517,False,True,9,0.9840031266212463,True,True
columba_livia/XC169211.mp3,test_clean,Columba livia,9,17,,2609,Gun_Gun,0.4419320821762085,False,True,9,0.8181673884391785,True,True
columba_livia/XC316785.mp3,test_clean,Columba livia,9,90,9.0,1489,Columba livia_Rock Pigeon,0.9994736313819885,True,True,9,0.9984050393104553,True,True
columba_livia/XC486869.mp3,test_clean,Columba livia,9,8,9.0,1489,Columba livia_Rock Pigeon,0.9932106733322144,True,True,9,0.9994730353355408,True,True
columba_livia/XC504295.mp3,test_clean,Columba livia,9,35,9.0,1489,Columba livia_Rock Pigeon,0.926415741443634,True,True,9,0.6554222106933594,True,True
heliornis_fulica/GBIF2243623073.mp3,test_clean,Heliornis fulica,10,7,10.0,2704,Heliornis fulica_Sungrebe,0.3444150984287262,True,True,10,0.9885318279266357,True,True
heliornis_fulica/GBIF2243700567.mp3,test_clean,Heliornis fulica,10,3,10.0,2704,Heliornis fulica_Sungrebe,0.7284849286079407,True,True,10,0.98592609167099,True,True
heliornis_fulica/GBIF2243807376.mp3,test_clean,Heliornis fulica,10,22,10.0,2704,Heliornis fulica_Sungrebe,0.9889411330223083,True,True,10,0.7924448251724243,True,True
heliornis_fulica/GBIF2243858612.mp3,test_clean,Heliornis fulica,10,6,,142,Akletos melanoceps_White-shouldered Antbird,0.8444632291793823,False,False,10,0.9601364135742188,True,True
heliornis_fulica/GBIF2243870448.mp3,test_clean,Heliornis fulica,10,5,,710,Brachypodius priocephalus_Gray-headed Bulbul,0.06240741163492203,False,False,10,0.9475355744361877,True,True
heliornis_fulica/GBIF2243888277.mp3,test_clean,Heliornis fulica,10,13,,1094,Cercomacra manu_Manu Antbird,0.4821891486644745,False,False,10,0.8110172152519226,True,True
heliornis_fulica/GBIF2432410680.mp3,test_clean,Heliornis fulica,10,3,10.0,2704,Heliornis fulica_Sungrebe,0.3089175522327423,True,True,10,0.9744016528129578,True,True
jabiru_mycteria/GBIF2243811967.mp3,test_clean,Jabiru mycteria,11,10,,4226,Pardirallus nigricans_Blackish Rail,0.28303754329681396,False,True,11,0.9169502854347229,True,True
jabiru_mycteria/GBIF2534091099.mp3,test_clean,Jabiru mycteria,11,16,,6349,Vanellus chilensis_Southern Lapwing,0.8401534557342529,False,True,11,0.7618517279624939,True,True
jabiru_mycteria/GBIF2848587109.mp3,test_clean,Jabiru mycteria,11,10,11.0,2987,Jabiru mycteria_Jabiru,0.6600062251091003,True,True,11,0.9696964025497437,True,True
jabiru_mycteria/GBIF3076281753.mp3,test_clean,Jabiru mycteria,11,12,,6349,Vanellus chilensis_Southern Lapwing,0.8171974420547485,False,False,11,0.9281789064407349,True,True
jabiru_mycteria/WA3157960.mp3,test_clean,Jabiru mycteria,11,7,,775,Busarellus nigricollis_Black-collared Hawk,0.5653542876243591,False,False,11,0.40835896134376526,True,True
jabiru_mycteria/WA5302228.mp3,test_clean,Jabiru mycteria,11,4,,5611,Sphyrapicus thyroideus_Williamson's Sapsucker,0.06584113836288452,False,False,16,0.17631490528583527,False,False
jabiru_mycteria/WA5359714.mp3,test_clean,Jabiru mycteria,11,27,,1469,Colibri serrirostris_White-vented Violetear,0.9871899485588074,False,False,11,0.831697404384613,True,True
jabiru_mycteria/WA7159181.mp3,test_clean,Jabiru mycteria,11,3,,4285,Pelargopsis capensis_Stork-billed Kingfisher,0.2205234169960022,False,False,11,0.8990910649299622,True,True
jabiru_mycteria/WA7207097.mp3,test_clean,Jabiru mycteria,11,7,,1295,Chrysomus ruficapillus_Chestnut-capped Blackbird,0.9942991733551025,False,False,11,0.6094232797622681,True,True
jabiru_mycteria/XC15438.mp3,test_clean,Jabiru mycteria,11,14,,914,Campephilus pollens_Powerful Woodpecker,0.47352004051208496,False,False,11,0.7530895471572876,True,True
ortalis_canicollis/GBIF2243566708.mp3,test_clean,Ortalis canicollis,12,7,12.0,4108,Ortalis canicollis_Chaco Chachalaca,0.9871963858604431,True,True,12,0.9999699592590332,True,True
ortalis_canicollis/GBIF2243584920.mp3,test_clean,Ortalis canicollis,12,28,12.0,4108,Ortalis canicollis_Chaco Chachalaca,0.9916241765022278,True,True,12,0.994981586933136,True,True
ortalis_canicollis/GBIF2243644168.mp3,test_clean,Ortalis canicollis,12,5,12.0,4108,Ortalis canicollis_Chaco Chachalaca,0.9750876426696777,True,True,12,0.9998831748962402,True,True
ortalis_canicollis/GBIF2243715504.mp3,test_clean,Ortalis canicollis,12,20,12.0,4108,Ortalis canicollis_Chaco Chachalaca,0.9862160682678223,True,True,12,0.9999617338180542,True,True
ortalis_canicollis/GBIF2243775164.mp3,test_clean,Ortalis canicollis,12,4,12.0,4108,Ortalis canicollis_Chaco Chachalaca,0.6575473546981812,True,True,12,0.9975553154945374,True,True
ortalis_canicollis/GBIF2243841370.mp3,test_clean,Ortalis canicollis,12,13,,3115,Laterallus jamaicensis_Black Rail,0.7048327326774597,False,True,3,0.5768730640411377,False,True
ortalis_canicollis/GBIF2243862594.mp3,test_clean,Ortalis canicollis,12,2,12.0,4108,Ortalis canicollis_Chaco Chachalaca,0.993135929107666,True,True,12,0.9999922513961792,True,True
ortalis_canicollis/GBIF2432407808.mp3,test_clean,Ortalis canicollis,12,7,12.0,4108,Ortalis canicollis_Chaco Chachalaca,0.9462046027183533,True,True,12,0.9999703168869019,True,True
ortalis_canicollis/GBIF2455098543.mp3,test_clean,Ortalis canicollis,12,8,12.0,4108,Ortalis canicollis_Chaco Chachalaca,0.9869546294212341,True,True,12,0.999805748462677,True,True
ortalis_canicollis/GBIF2609692479.mp3,test_clean,Ortalis canicollis,12,13,12.0,4108,Ortalis canicollis_Chaco Chachalaca,0.981905996799469,True,True,12,0.9997161030769348,True,True
ortalis_canicollis/GBIF3076281329.mp3,test_clean,Ortalis canicollis,12,33,12.0,4108,Ortalis canicollis_Chaco Chachalaca,0.9938255548477173,True,True,12,0.999498724937439,True,True
ortalis_canicollis/GBIF4173210950.mp3,test_clean,Ortalis canicollis,12,13,12.0,4108,Ortalis canicollis_Chaco Chachalaca,0.9978587627410889,True,True,12,0.9999090433120728,True,True
ortalis_canicollis/GBIF5154409747.mp3,test_clean,Ortalis canicollis,12,4,12.0,4108,Ortalis canicollis_Chaco Chachalaca,0.6264049410820007,True,True,12,0.9957316517829895,True,True
ortalis_canicollis/GBIF5995329384.mp3,test_clean,Ortalis canicollis,12,23,,1460,Colaptes melanochloros_Green-barred Woodpecker,0.9914731979370117,False,True,12,0.9981728792190552,True,True
ortalis_canicollis/XC100828.mp3,test_clean,Ortalis canicollis,12,20,12.0,4108,Ortalis canicollis_Chaco Chachalaca,0.9910823702812195,True,True,12,0.9994157552719116,True,True
ortalis_canicollis/XC15672.mp3,test_clean,Ortalis canicollis,12,5,12.0,4108,Ortalis canicollis_Chaco Chachalaca,0.9980626106262207,True,True,12,0.9996054768562317,True,True
ortalis_canicollis/XC2629.mp3,test_clean,Ortalis canicollis,12,12,12.0,4108,Ortalis canicollis_Chaco Chachalaca,0.9796068072319031,True,True,12,0.9999892711639404,True,True
pipile_jacutinga/GBIF5995318430.mp3,test_clean,Pipile jacutinga,13,15,,3263,Lonchura punctulata_Scaly-breasted Munia,0.2278873771429062,False,False,13,0.7705222368240356,True,True
pipile_jacutinga/WA3110805.mp3,test_clean,Pipile jacutinga,13,4,,1691,Crotophaga sulcirostris_Groove-billed Ani,0.5192428231239319,False,False,13,0.9790471196174622,True,True
pipile_jacutinga/WA3311076.mp3,test_clean,Pipile jacutinga,13,14,0.0,83,Actitis macularius_Spotted Sandpiper,0.6350377798080444,False,False,13,0.9427310228347778,True,True
pipile_jacutinga/WA6435614.mp3,test_clean,Pipile jacutinga,13,14,,3189,Leptotila verreauxi_White-tipped Dove,0.27099600434303284,False,False,13,0.9028466939926147,True,True
pipile_jacutinga/WA6474483.mp3,test_clean,Pipile jacutinga,13,8,,3070,Lanius collurio_Red-backed Shrike,0.1326836347579956,False,False,13,0.7227824330329895,True,True
pipile_jacutinga/WA6474495.mp3,test_clean,Pipile jacutinga,13,24,,3752,Myiodynastes maculatus_Streaked Flycatcher,0.6597245931625366,False,False,13,0.9484368562698364,True,True
pipile_jacutinga/WA7265247.mp3,test_clean,Pipile jacutinga,13,6,,5357,Saltator similis_Green-winged Saltator,0.13688477873802185,False,False,13,0.48748111724853516,True,True
pipile_jacutinga/WA7266773.mp3,test_clean,Pipile jacutinga,13,28,,3189,Leptotila verreauxi_White-tipped Dove,0.35618942975997925,False,False,13,0.8403542041778564,True,True
pipile_jacutinga/WA7266797.mp3,test_clean,Pipile jacutinga,13,13,,2312,Ficedula hypoleuca_European Pied Flycatcher,0.13088330626487732,False,False,13,0.4245279133319855,True,True
pluvialis_dominica/GBIF2243554293.mp3,test_clean,Pluvialis dominica,14,9,,1322,Cinclodes fuscus_Buff-winged Cinclodes,0.6390370726585388,False,True,14,0.8186718821525574,True,True
pluvialis_dominica/GBIF2243859548.mp3,test_clean,Pluvialis dominica,14,3,,4754,Pluvialis fulva_Pacific Golden-Plover,0.2061448097229004,False,False,14,0.834036648273468,True,True
pluvialis_dominica/GBIF2243862886.mp3,test_clean,Pluvialis dominica,14,4,,3473,Melanitta nigra_Common Scoter,0.3370405435562134,False,False,14,0.6713514924049377,True,True
pluvialis_dominica/GBIF4135518193.mp3,test_clean,Pluvialis dominica,14,3,14.0,4753,Pluvialis dominica_American Golden-Plover,0.21533969044685364,True,True,14,0.9542784094810486,True,True
pluvialis_dominica/GBIF4979337374.mp3,test_clean,Pluvialis dominica,14,1,,5545,Sialia sialis_Eastern Bluebird,0.02549101784825325,False,False,18,0.6627781391143799,False,False
pluvialis_dominica/XC228428.mp3,test_clean,Pluvialis dominica,14,2,14.0,4753,Pluvialis dominica_American Golden-Plover,0.5150176882743835,True,True,14,0.988997757434845,True,True
pluvialis_dominica/XC308708.mp3,test_clean,Pluvialis dominica,14,4,14.0,4753,Pluvialis dominica_American Golden-Plover,0.8757345080375671,True,True,14,0.8959417939186096,True,True
pluvialis_dominica/XC311857.mp3,test_clean,Pluvialis dominica,14,2,14.0,4753,Pluvialis dominica_American Golden-Plover,0.8361579179763794,True,True,14,0.9267844557762146,True,True
pluvialis_dominica/XC322809.mp3,test_clean,Pluvialis dominica,14,12,14.0,4753,Pluvialis dominica_American Golden-Plover,0.9997943043708801,True,True,14,0.9998455047607422,True,True
pluvialis_dominica/XC323108.mp3,test_clean,Pluvialis dominica,14,4,14.0,4753,Pluvialis dominica_American Golden-Plover,0.9716483950614929,True,True,14,0.9979907274246216,True,True
pluvialis_dominica/XC354808.mp3,test_clean,Pluvialis dominica,14,39,14.0,4753,Pluvialis dominica_American Golden-Plover,0.999821662902832,True,True,14,0.9996991157531738,True,True
pluvialis_dominica/XC406168.mp3,test_clean,Pluvialis dominica,14,11,,4754,Pluvialis fulva_Pacific Golden-Plover,0.9188957810401917,False,True,14,0.8990843296051025,True,True
pluvialis_squatarola/GBIF5151734613.mp3,test_clean,Pluvialis squatarola,15,4,15.0,4755,Pluvialis squatarola_Black-bellied Plover,0.8744086027145386,True,True,15,0.8662055134773254,True,True
pluvialis_squatarola/XC145310.mp3,test_clean,Pluvialis squatarola,15,2,15.0,4755,Pluvialis squatarola_Black-bellied Plover,0.9997186660766602,True,True,15,0.9984750151634216,True,True
pluvialis_squatarola/XC150223.mp3,test_clean,Pluvialis squatarola,15,19,15.0,4755,Pluvialis squatarola_Black-bellied Plover,0.9994136691093445,True,True,15,0.9983744621276855,True,True
pluvialis_squatarola/XC150225.mp3,test_clean,Pluvialis squatarola,15,2,15.0,4755,Pluvialis squatarola_Black-bellied Plover,0.8500306010246277,True,True,15,0.6953369379043579,True,True
pluvialis_squatarola/XC165315.mp3,test_clean,Pluvialis squatarola,15,3,,4752,Pluvialis apricaria_European Golden-Plover,0.6228207349777222,False,False,15,0.45152026414871216,True,True
pluvialis_squatarola/XC198729.mp3,test_clean,Pluvialis squatarola,15,11,15.0,4755,Pluvialis squatarola_Black-bellied Plover,0.9999068975448608,True,True,15,0.9932498931884766,True,True
pluvialis_squatarola/XC29375.mp3,test_clean,Pluvialis squatarola,15,7,15.0,4755,Pluvialis squatarola_Black-bellied Plover,0.9804486036300659,True,True,15,0.927680253982544,True,True
pluvialis_squatarola/XC333388.mp3,test_clean,Pluvialis squatarola,15,2,,5979,Thalasseus maximus_Royal Tern,0.4072170555591583,False,True,15,0.9531863331794739,True,True
pluvialis_squatarola/XC599215.mp3,test_clean,Pluvialis squatarola,15,9,15.0,4755,Pluvialis squatarola_Black-bellied Plover,0.6839919686317444,True,True,19,0.4479239583015442,False,False
pluvialis_squatarola/XC752918.mp3,test_clean,Pluvialis squatarola,15,2,15.0,4755,Pluvialis squatarola_Black-bellied Plover,0.28889045119285583,True,True,15,0.7864567041397095,True,True
ramphastos_toco/GBIF2243560078.mp3,test_clean,Ramphastos toco,16,4,16.0,5228,Ramphastos toco_Toco Toucan,0.9997543692588806,True,True,16,0.9999853372573853,True,True
ramphastos_toco/GBIF2243577275.mp3,test_clean,Ramphastos toco,16,10,16.0,5228,Ramphastos toco_Toco Toucan,0.9992319345474243,True,True,16,0.9999125003814697,True,True
ramphastos_toco/GBIF2243616228.mp3,test_clean,Ramphastos toco,16,3,16.0,5228,Ramphastos toco_Toco Toucan,0.9671742916107178,True,True,16,0.9999876022338867,True,True
ramphastos_toco/GBIF2243694251.mp3,test_clean,Ramphastos toco,16,27,16.0,5228,Ramphastos toco_Toco Toucan,0.9996858239173889,True,True,16,0.9999984502792358,True,True
ramphastos_toco/GBIF2243760764.mp3,test_clean,Ramphastos toco,16,10,16.0,5228,Ramphastos toco_Toco Toucan,0.9959188103675842,True,True,16,0.9999885559082031,True,True
ramphastos_toco/GBIF2243824349.mp3,test_clean,Ramphastos toco,16,3,16.0,5228,Ramphastos toco_Toco Toucan,0.9703655242919922,True,True,16,0.9999886751174927,True,True
ramphastos_toco/GBIF2243863459.mp3,test_clean,Ramphastos toco,16,4,16.0,5228,Ramphastos toco_Toco Toucan,0.9956492185592651,True,True,16,0.9895994663238525,True,True
ramphastos_toco/GBIF2243863622.mp3,test_clean,Ramphastos toco,16,5,,5225,Ramphastos brevis_Choco Toucan,0.9681215882301331,False,True,16,0.99755859375,True,True
ramphastos_toco/GBIF2455251867.mp3,test_clean,Ramphastos toco,16,19,16.0,5228,Ramphastos toco_Toco Toucan,0.999753475189209,True,True,16,0.9999772310256958,True,True
ramphastos_toco/GBIF3753040446.mp3,test_clean,Ramphastos toco,16,105,16.0,5228,Ramphastos toco_Toco Toucan,0.9983062148094177,True,True,16,0.9991957545280457,True,True
ramphastos_toco/GBIF3813644531.mp3,test_clean,Ramphastos toco,16,3,16.0,5228,Ramphastos toco_Toco Toucan,0.9746289253234863,True,True,16,0.9946634769439697,True,True
ramphastos_toco/GBIF4135515512.mp3,test_clean,Ramphastos toco,16,4,16.0,5228,Ramphastos toco_Toco Toucan,0.9921845197677612,True,True,16,0.9997499585151672,True,True
ramphastos_toco/GBIF4432978677.mp3,test_clean,Ramphastos toco,16,1,16.0,5228,Ramphastos toco_Toco Toucan,0.1008649542927742,True,True,16,0.9695495963096619,True,True
ramphastos_toco/GBIF4442646001.mp3,test_clean,Ramphastos toco,16,6,16.0,5228,Ramphastos toco_Toco Toucan,0.9995996952056885,True,True,16,0.999981164932251,True,True
ramphastos_toco/GBIF4524634642.mp3,test_clean,Ramphastos toco,16,8,16.0,5228,Ramphastos toco_Toco Toucan,0.9278905391693115,True,True,13,0.616654634475708,False,True
ramphastos_toco/GBIF4923277765.mp3,test_clean,Ramphastos toco,16,304,16.0,5228,Ramphastos toco_Toco Toucan,0.9998181462287903,True,True,16,0.9999737739562988,True,True
ramphastos_toco/GBIF4936226959.mp3,test_clean,Ramphastos toco,16,34,16.0,5228,Ramphastos toco_Toco Toucan,0.9850175380706787,True,True,16,0.8806831240653992,True,True
ramphastos_toco/GBIF4936883985.mp3,test_clean,Ramphastos toco,16,4,,4648,Pionus maximiliani_Scaly-headed Parrot,0.2128869891166687,False,True,16,0.4215835928916931,True,True
ramphastos_toco/GBIF4953717716.mp3,test_clean,Ramphastos toco,16,7,16.0,5228,Ramphastos toco_Toco Toucan,0.9997479915618896,True,True,16,0.9999163150787354,True,True
ramphastos_toco/GBIF5151730349.mp3,test_clean,Ramphastos toco,16,15,16.0,5228,Ramphastos toco_Toco Toucan,0.9986581206321716,True,True,16,0.9842464923858643,True,True
rhea_americana/GBIF2243645191.mp3,test_clean,Rhea americana,17,6,,997,Cariama cristata_Red-legged Seriema,0.9302909970283508,False,True,17,0.896433413028717,True,True
rhea_americana/GBIF2243770921.mp3,test_clean,Rhea americana,17,2,,1666,Crax fasciolata_Bare-faced Curassow,0.1321646124124527,False,False,17,0.40274742245674133,True,True
rhea_americana/WA1087120.mp3,test_clean,Rhea americana,17,6,,1715,Cuculus canorus_Common Cuckoo,0.16841472685337067,False,False,11,0.43559950590133667,False,True
rhea_americana/WA1730540.mp3,test_clean,Rhea americana,17,17,,230,Ammodramus humeralis_Grassland Sparrow,0.994384765625,False,False,17,0.6586205959320068,True,True
rhea_americana/WA3148374.mp3,test_clean,Rhea americana,17,2,,1666,Crax fasciolata_Bare-faced Curassow,0.6239376664161682,False,False,17,0.5858920216560364,True,True
rhea_americana/WA697028.mp3,test_clean,Rhea americana,17,7,,2156,Eopsaltria australis_Eastern Yellow Robin,0.1688629388809204,False,False,13,0.578722357749939,False,True
tringa_flavipes/GBIF2243582799.mp3,test_clean,Tringa flavipes,18,5,18.0,6152,Tringa flavipes_Lesser Yellowlegs,0.9258806109428406,True,True,18,0.9187483787536621,True,True
tringa_flavipes/GBIF2243654729.mp3,test_clean,Tringa flavipes,18,2,18.0,6152,Tringa flavipes_Lesser Yellowlegs,0.7543475031852722,True,True,18,0.9899975061416626,True,True
tringa_flavipes/GBIF2243782174.mp3,test_clean,Tringa flavipes,18,4,18.0,6152,Tringa flavipes_Lesser Yellowlegs,0.8600670099258423,True,True,18,0.9708238244056702,True,True
tringa_flavipes/GBIF2243857135.mp3,test_clean,Tringa flavipes,18,6,18.0,6152,Tringa flavipes_Lesser Yellowlegs,0.9940534234046936,True,True,18,0.9703351855278015,True,True
tringa_flavipes/GBIF2243864983.mp3,test_clean,Tringa flavipes,18,2,,649,Bartramia longicauda_Upland Sandpiper,0.2443903237581253,False,True,18,0.6918618083000183,True,True
tringa_flavipes/GBIF2243868655.mp3,test_clean,Tringa flavipes,18,2,18.0,6152,Tringa flavipes_Lesser Yellowlegs,0.4515690803527832,True,True,5,0.6600726842880249,False,True
tringa_flavipes/GBIF2432409683.mp3,test_clean,Tringa flavipes,18,16,18.0,6152,Tringa flavipes_Lesser Yellowlegs,0.985316276550293,True,True,18,0.8508419990539551,True,True
tringa_flavipes/GBIF3385701384.mp3,test_clean,Tringa flavipes,18,15,18.0,6152,Tringa flavipes_Lesser Yellowlegs,0.998678982257843,True,True,18,0.9945846199989319,True,True
tringa_flavipes/GBIF3753036569.mp3,test_clean,Tringa flavipes,18,15,18.0,6152,Tringa flavipes_Lesser Yellowlegs,0.9930543303489685,True,True,18,0.9782911539077759,True,True
tringa_flavipes/GBIF4135517350.mp3,test_clean,Tringa flavipes,18,3,18.0,6152,Tringa flavipes_Lesser Yellowlegs,0.9835513234138489,True,True,18,0.8936739563941956,True,True
tringa_flavipes/GBIF4979333305.mp3,test_clean,Tringa flavipes,18,2,,2990,Jacana jacana_Wattled Jacana,0.5344231128692627,False,True,18,0.8387633562088013,True,True
tringa_flavipes/GBIF4979338067.mp3,test_clean,Tringa flavipes,18,3,,2653,Halcyon albiventris_Brown-hooded Kingfisher,0.5866087079048157,False,True,18,0.9803915023803711,True,True
tringa_flavipes/XC1012769.mp3,test_clean,Tringa flavipes,18,4,18.0,6152,Tringa flavipes_Lesser Yellowlegs,0.558699369430542,True,True,18,0.7895144820213318,True,True
tringa_flavipes/XC1012770.mp3,test_clean,Tringa flavipes,18,1,18.0,6152,Tringa flavipes_Lesser Yellowlegs,0.4803652763366699,True,True,18,0.9865387678146362,True,True
tringa_flavipes/XC1012772.mp3,test_clean,Tringa flavipes,18,1,18.0,6152,Tringa flavipes_Lesser Yellowlegs,0.6891495585441589,True,True,18,0.9911208748817444,True,True
tringa_flavipes/XC1077826.mp3,test_clean,Tringa flavipes,18,5,18.0,6152,Tringa flavipes_Lesser Yellowlegs,0.8458054065704346,True,True,18,0.9446315765380859,True,True
tringa_flavipes/XC154794.mp3,test_clean,Tringa flavipes,18,10,,6157,Tringa nebularia_Common Greenshank,0.9064676761627197,False,False,18,0.6695415377616882,True,True
tringa_flavipes/XC17049.mp3,test_clean,Tringa flavipes,18,4,18.0,6152,Tringa flavipes_Lesser Yellowlegs,0.8179154396057129,True,True,18,0.7583399415016174,True,True
tringa_flavipes/XC190137.mp3,test_clean,Tringa flavipes,18,12,18.0,6152,Tringa flavipes_Lesser Yellowlegs,0.9818512797355652,True,True,18,0.6942921280860901,True,True
tringa_flavipes/XC277718.mp3,test_clean,Tringa flavipes,18,18,18.0,6152,Tringa flavipes_Lesser Yellowlegs,0.9944217205047607,True,True,18,0.9909323453903198,True,True
tringa_flavipes/XC321915.mp3,test_clean,Tringa flavipes,18,21,18.0,6152,Tringa flavipes_Lesser Yellowlegs,0.9866684675216675,True,True,18,0.9617213606834412,True,True
tringa_flavipes/XC321921.mp3,test_clean,Tringa flavipes,18,9,18.0,6152,Tringa flavipes_Lesser Yellowlegs,0.9989395141601562,True,True,18,0.9870118498802185,True,True
tringa_flavipes/XC356449.mp3,test_clean,Tringa flavipes,18,9,18.0,6152,Tringa flavipes_Lesser Yellowlegs,0.9681105017662048,True,True,18,0.9192119836807251,True,True
tringa_flavipes/XC406315.mp3,test_clean,Tringa flavipes,18,8,,2453,Gavicalis virescens_Singing Honeyeater,0.546683132648468,False,False,3,0.9777057766914368,False,False
tringa_flavipes/XC451492.mp3,test_clean,Tringa flavipes,18,3,,2822,Hydrobates leucorhous_Leach's Storm-Petrel,0.8234355449676514,False,True,19,0.5758939981460571,False,True
tringa_flavipes/XC451605.mp3,test_clean,Tringa flavipes,18,21,18.0,6152,Tringa flavipes_Lesser Yellowlegs,0.9977511763572693,True,True,18,0.6695554256439209,True,True
tringa_flavipes/XC451878.mp3,test_clean,Tringa flavipes,18,6,18.0,6152,Tringa flavipes_Lesser Yellowlegs,0.9645576477050781,True,True,18,0.9919831156730652,True,True
tringa_flavipes/XC461526.mp3,test_clean,Tringa flavipes,18,35,18.0,6152,Tringa flavipes_Lesser Yellowlegs,0.9992765784263611,True,True,18,0.9568089246749878,True,True
tringa_flavipes/XC50267.mp3,test_clean,Tringa flavipes,18,6,18.0,6152,Tringa flavipes_Lesser Yellowlegs,0.9473414421081543,True,True,18,0.9915423393249512,True,True
tringa_flavipes/XC589936.mp3,test_clean,Tringa flavipes,18,9,18.0,6152,Tringa flavipes_Lesser Yellowlegs,0.9822673797607422,True,True,18,0.9683848023414612,True,True
tringa_flavipes/XC781686.mp3,test_clean,Tringa flavipes,18,5,18.0,6152,Tringa flavipes_Lesser Yellowlegs,0.9575158357620239,True,True,18,0.8998295664787292,True,True
tringa_flavipes/XC86372.mp3,test_clean,Tringa flavipes,18,10,18.0,6152,Tringa flavipes_Lesser Yellowlegs,0.9977081418037415,True,True,18,0.9833691716194153,True,True
tringa_flavipes/XC86659.mp3,test_clean,Tringa flavipes,18,5,7.0,867,Calidris pusilla_Semipalmated Sandpiper,0.7278005480766296,False,True,18,0.9121618270874023,True,True
tringa_melanoleuca/GBIF2243608483.mp3,test_clean,Tringa melanoleuca,19,2,,2898,Ibidorhyncha struthersii_Ibisbill,0.2143223136663437,False,True,19,0.7059260606765747,True,True
tringa_melanoleuca/GBIF2243829449.mp3,test_clean,Tringa melanoleuca,19,12,19.0,6156,Tringa melanoleuca_Greater Yellowlegs,0.9429154992103577,True,True,19,0.7891381978988647,True,True
tringa_melanoleuca/GBIF2243868958.mp3,test_clean,Tringa melanoleuca,19,4,19.0,6156,Tringa melanoleuca_Greater Yellowlegs,0.9867250323295593,True,True,19,0.9523892402648926,True,True
tringa_melanoleuca/GBIF2243871924.mp3,test_clean,Tringa melanoleuca,19,5,19.0,6156,Tringa melanoleuca_Greater Yellowlegs,0.9967120289802551,True,True,19,0.9932235479354858,True,True
tringa_melanoleuca/GBIF2243884794.mp3,test_clean,Tringa melanoleuca,19,2,19.0,6156,Tringa melanoleuca_Greater Yellowlegs,0.9781225919723511,True,True,19,0.9193404316902161,True,True
tringa_melanoleuca/GBIF2243884867.mp3,test_clean,Tringa melanoleuca,19,2,19.0,6156,Tringa melanoleuca_Greater Yellowlegs,0.9768192768096924,True,True,19,0.9035499095916748,True,True
tringa_melanoleuca/GBIF2432406532.mp3,test_clean,Tringa melanoleuca,19,4,19.0,6156,Tringa melanoleuca_Greater Yellowlegs,0.9625141024589539,True,True,19,0.9910256266593933,True,True
tringa_melanoleuca/GBIF2432410544.mp3,test_clean,Tringa melanoleuca,19,4,,3958,Numenius phaeopus_Whimbrel,0.5039805769920349,False,True,19,0.5813918709754944,True,True
tringa_melanoleuca/GBIF2432411426.mp3,test_clean,Tringa melanoleuca,19,6,19.0,6156,Tringa melanoleuca_Greater Yellowlegs,0.9934017658233643,True,True,19,0.9470825791358948,True,True
tringa_melanoleuca/GBIF2982208742.mp3,test_clean,Tringa melanoleuca,19,4,19.0,6156,Tringa melanoleuca_Greater Yellowlegs,0.9851269125938416,True,True,19,0.9981563687324524,True,True
tringa_melanoleuca/GBIF3353660388.mp3,test_clean,Tringa melanoleuca,19,10,19.0,6156,Tringa melanoleuca_Greater Yellowlegs,0.9473190903663635,True,True,19,0.9568151831626892,True,True
tringa_melanoleuca/GBIF3769752388.mp3,test_clean,Tringa melanoleuca,19,11,19.0,6156,Tringa melanoleuca_Greater Yellowlegs,0.8071590065956116,True,True,19,0.5198706388473511,True,True
tringa_melanoleuca/GBIF4458473961.mp3,test_clean,Tringa melanoleuca,19,4,19.0,6156,Tringa melanoleuca_Greater Yellowlegs,0.903258204460144,True,True,19,0.8701053261756897,True,True
tringa_melanoleuca/XC1013227.mp3,test_clean,Tringa melanoleuca,19,1,19.0,6156,Tringa melanoleuca_Greater Yellowlegs,0.9911337494850159,True,True,19,0.9971440434455872,True,True
tringa_melanoleuca/XC1021060.mp3,test_clean,Tringa melanoleuca,19,5,19.0,6156,Tringa melanoleuca_Greater Yellowlegs,0.9579729437828064,True,True,19,0.6343370079994202,True,True
tringa_melanoleuca/XC1073575.mp3,test_clean,Tringa melanoleuca,19,4,19.0,6156,Tringa melanoleuca_Greater Yellowlegs,0.9869252443313599,True,True,19,0.9159379601478577,True,True
tringa_melanoleuca/XC155054.mp3,test_clean,Tringa melanoleuca,19,5,19.0,6156,Tringa melanoleuca_Greater Yellowlegs,0.962196946144104,True,True,19,0.9832452535629272,True,True
tringa_melanoleuca/XC231534.mp3,test_clean,Tringa melanoleuca,19,1,19.0,6156,Tringa melanoleuca_Greater Yellowlegs,0.9899649024009705,True,True,19,0.9974283576011658,True,True
tringa_melanoleuca/XC236716.mp3,test_clean,Tringa melanoleuca,19,3,,6359,Vanellus resplendens_Andean Lapwing,0.5326134562492371,False,True,19,0.9539924263954163,True,True
tringa_melanoleuca/XC302408.mp3,test_clean,Tringa melanoleuca,19,4,19.0,6156,Tringa melanoleuca_Greater Yellowlegs,0.9996144771575928,True,True,19,0.9963219165802002,True,True
tringa_melanoleuca/XC326524.mp3,test_clean,Tringa melanoleuca,19,4,19.0,6156,Tringa melanoleuca_Greater Yellowlegs,0.9872625470161438,True,True,19,0.9940965175628662,True,True
tringa_melanoleuca/XC344651.mp3,test_clean,Tringa melanoleuca,19,6,19.0,6156,Tringa melanoleuca_Greater Yellowlegs,0.9991008639335632,True,True,19,0.968149721622467,True,True
tringa_melanoleuca/XC373368.mp3,test_clean,Tringa melanoleuca,19,2,19.0,6156,Tringa melanoleuca_Greater Yellowlegs,0.9720245599746704,True,True,19,0.9834927320480347,True,True
tringa_melanoleuca/XC43988.mp3,test_clean,Tringa melanoleuca,19,9,19.0,6156,Tringa melanoleuca_Greater Yellowlegs,0.9935786724090576,True,True,19,0.9916229844093323,True,True
tringa_melanoleuca/XC43989.mp3,test_clean,Tringa melanoleuca,19,6,19.0,6156,Tringa melanoleuca_Greater Yellowlegs,0.886822521686554,True,True,19,0.9227089285850525,True,True
tringa_melanoleuca/XC44276.mp3,test_clean,Tringa melanoleuca,19,3,19.0,6156,Tringa melanoleuca_Greater Yellowlegs,0.9892606735229492,True,True,19,0.9975982308387756,True,True
tringa_melanoleuca/XC452718.mp3,test_clean,Tringa melanoleuca,19,6,19.0,6156,Tringa melanoleuca_Greater Yellowlegs,0.9915900826454163,True,True,19,0.9124774932861328,True,True
tringa_melanoleuca/XC511319.mp3,test_clean,Tringa melanoleuca,19,12,19.0,6156,Tringa melanoleuca_Greater Yellowlegs,0.9349492192268372,True,True,19,0.9441353678703308,True,True
tringa_melanoleuca/XC531192.mp3,test_clean,Tringa melanoleuca,19,2,19.0,6156,Tringa melanoleuca_Greater Yellowlegs,0.988035261631012,True,True,19,0.9513769149780273,True,True
tringa_melanoleuca/XC531635.mp3,test_clean,Tringa melanoleuca,19,1,19.0,6156,Tringa melanoleuca_Greater Yellowlegs,0.9550888538360596,True,True,19,0.9246952533721924,True,True
tringa_melanoleuca/XC606572.mp3,test_clean,Tringa melanoleuca,19,5,19.0,6156,Tringa melanoleuca_Greater Yellowlegs,0.9944678544998169,True,True,19,0.9998942613601685,True,True
tringa_melanoleuca/XC691338.mp3,test_clean,Tringa melanoleuca,19,19,19.0,6156,Tringa melanoleuca_Greater Yellowlegs,0.9962198734283447,True,True,19,0.9433857798576355,True,True
tringa_melanoleuca/XC692966.mp3,test_clean,Tringa melanoleuca,19,12,19.0,6156,Tringa melanoleuca_Greater Yellowlegs,0.9999604821205139,True,True,19,0.9991281628608704,True,True
tringa_melanoleuca/XC70683.mp3,test_clean,Tringa melanoleuca,19,4,19.0,6156,Tringa melanoleuca_Greater Yellowlegs,0.9964841604232788,True,True,19,0.9221546053886414,True,True
tringa_melanoleuca/XC719922.mp3,test_clean,Tringa melanoleuca,19,3,19.0,6156,Tringa melanoleuca_Greater Yellowlegs,0.9791072010993958,True,True,19,0.9805742502212524,True,True
actitis_macularius/XC1020983.mp3,test_hard,Actitis macularius,0,2,0.0,83,Actitis macularius_Spotted Sandpiper,0.5419373512268066,True,True,0,0.824330747127533,True,True
actitis_macularius/XC1020982.mp3,test_hard,Actitis macularius,0,4,0.0,83,Actitis macularius_Spotted Sandpiper,0.13639448583126068,True,True,0,0.30870118737220764,True,True
actitis_macularius/XC1020981.mp3,test_hard,Actitis macularius,0,3,,6158,Tringa ochropus_Green Sandpiper,0.18555593490600586,False,True,0,0.8653942346572876,True,True
actitis_macularius/XC999469.mp3,test_hard,Actitis macularius,0,2,,6309,Tyrannus melancholicus_Tropical Kingbird,0.1723627746105194,False,False,0,0.31742361187934875,True,True
actitis_macularius/XC922540.mp3,test_hard,Actitis macularius,0,1,,3891,Nephelomyias lintoni_Orange-banded Flycatcher,0.027641810476779938,False,False,0,0.6650393009185791,True,True
actitis_macularius/XC800773.mp3,test_hard,Actitis macularius,0,55,0.0,83,Actitis macularius_Spotted Sandpiper,0.9749618172645569,True,True,0,0.9967513084411621,True,True
actitis_macularius/XC752948.mp3,test_hard,Actitis macularius,0,1,,6150,Tringa brevipes_Gray-tailed Tattler,0.16327694058418274,False,False,14,0.5436133146286011,False,True
actitis_macularius/XC667193.mp3,test_hard,Actitis macularius,0,3,,6158,Tringa ochropus_Green Sandpiper,0.3367031216621399,False,True,0,0.9804572463035583,True,True
actitis_macularius/XC666022.mp3,test_hard,Actitis macularius,0,2,0.0,83,Actitis macularius_Spotted Sandpiper,0.5172316431999207,True,True,0,0.8981314301490784,True,True
actitis_macularius/XC556122.mp3,test_hard,Actitis macularius,0,1,,1191,Chelidoptera tenebrosa_Swallow-winged Puffbird,0.12525935471057892,False,False,11,0.2391153872013092,False,True
actitis_macularius/XC413804.mp3,test_hard,Actitis macularius,0,2,0.0,83,Actitis macularius_Spotted Sandpiper,0.31840407848358154,True,True,0,0.8775600790977478,True,True
actitis_macularius/XC399609.mp3,test_hard,Actitis macularius,0,3,,4412,Phalaropus tricolor_Wilson's Phalarope,0.17704123258590698,False,False,6,0.39720484614372253,False,False
actitis_macularius/XC389435.mp3,test_hard,Actitis macularius,0,24,,6160,Tringa solitaria_Solitary Sandpiper,0.9562885165214539,False,False,14,0.28735488653182983,False,True
actitis_macularius/XC332150.mp3,test_hard,Actitis macularius,0,3,,1887,Dendrocygna viduata_White-faced Whistling-Duck,0.3536646366119385,False,True,0,0.9248626828193665,True,True
actitis_macularius/XC195060.mp3,test_hard,Actitis macularius,0,2,0.0,83,Actitis macularius_Spotted Sandpiper,0.7526622414588928,True,True,0,0.9949684739112854,True,True
actitis_macularius/XC153616.mp3,test_hard,Actitis macularius,0,11,,4859,Porzana carolina_Sora,0.4703257381916046,False,False,6,0.3165406286716461,False,False
actitis_macularius/XC51888.mp3,test_hard,Actitis macularius,0,1,,6498,Zosterops atricapilla_Black-capped White-eye,0.1319759041070938,False,False,5,0.32826951146125793,False,False
actitis_macularius/XC5862.mp3,test_hard,Actitis macularius,0,5,,6160,Tringa solitaria_Solitary Sandpiper,0.4845374822616577,False,False,0,0.8822249174118042,True,True
actitis_macularius/XC559833.mp3,test_hard,Actitis macularius,0,7,,5874,Tachycineta thalassina_Violet-green Swallow,0.9934172034263611,False,False,0,0.8065356016159058,True,True
actitis_macularius/XC254627.mp3,test_hard,Actitis macularius,0,1,0.0,83,Actitis macularius_Spotted Sandpiper,0.32976970076560974,True,True,0,0.9883338212966919,True,True
actitis_macularius/XC211173.mp3,test_hard,Actitis macularius,0,2,,115,Aethopyga siparaja_Crimson Sunbird,0.10418862104415894,False,False,13,0.24079985916614532,False,False
ara_ararauna/XC237612.mp3,test_hard,Ara ararauna,1,7,1.0,435,Ara ararauna_Blue-and-yellow Macaw,0.12853452563285828,True,True,1,0.4965915381908417,True,True
ara_ararauna/XC1091315.mp3,test_hard,Ara ararauna,1,9,1.0,435,Ara ararauna_Blue-and-yellow Macaw,0.5322694778442383,True,True,1,0.6927451491355896,True,True
ara_ararauna/XC526121.mp3,test_hard,Ara ararauna,1,17,1.0,435,Ara ararauna_Blue-and-yellow Macaw,0.9355899691581726,True,True,1,0.9980998635292053,True,True
ara_ararauna/XC94495.mp3,test_hard,Ara ararauna,1,48,1.0,435,Ara ararauna_Blue-and-yellow Macaw,0.7629327178001404,True,True,1,0.9968016147613525,True,True
calidris_bairdii/XC332699.mp3,test_hard,Calidris bairdii,2,7,2.0,854,Calidris bairdii_Baird's Sandpiper,0.7419008612632751,True,True,2,0.3938705027103424,True,True
calidris_bairdii/XC220044.mp3,test_hard,Calidris bairdii,2,5,,5124,Puffinus bailloni_Tropical Shearwater,0.3286876976490021,False,False,2,0.8502009510993958,True,True
calidris_bairdii/XC1104336.mp3,test_hard,Calidris bairdii,2,2,,3429,Megascops sanctaecatarinae_Long-tufted Screech-Owl,0.03604654595255852,False,False,9,0.27891337871551514,False,False
calidris_bairdii/XC1081963.mp3,test_hard,Calidris bairdii,2,3,,3535,Merops orientalis_Green Bee-eater,0.3252849280834198,False,False,2,0.5811039805412292,True,True
calidris_canutus/XC1056282.mp3,test_hard,Calidris canutus,3,6,,261,Anas crecca_Green-winged Teal,0.28142794966697693,False,False,3,0.9996718168258667,True,True
calidris_canutus/XC1053271.mp3,test_hard,Calidris canutus,3,3,3.0,855,Calidris canutus_Red Knot,0.06674904376268387,True,True,3,0.8617538213729858,True,True
calidris_canutus/XC1051250.mp3,test_hard,Calidris canutus,3,2,,2376,Fulica atra_Eurasian Coot,0.14664696156978607,False,False,3,0.9901593327522278,True,True
calidris_canutus/XC1045648.mp3,test_hard,Calidris canutus,3,22,,6114,Toxostoma lecontei_LeConte's Thrasher,0.3245626389980316,False,False,3,0.997352123260498,True,True
calidris_canutus/XC1032829.mp3,test_hard,Calidris canutus,3,5,,5182,Pyrrhula pyrrhula_Eurasian Bullfinch,0.12144161015748978,False,False,3,0.9952148199081421,True,True
calidris_canutus/XC1013189.mp3,test_hard,Calidris canutus,3,2,,6159,Tringa semipalmata_Willet,0.1315479576587677,False,True,3,0.4955484867095947,True,True
calidris_canutus/XC1004404.mp3,test_hard,Calidris canutus,3,3,,3224,Limosa lapponica_Bar-tailed Godwit,0.38333773612976074,False,False,3,0.7214452624320984,True,True
calidris_canutus/XC1004402.mp3,test_hard,Calidris canutus,3,3,,3390,Mareca penelope_Eurasian Wigeon,0.19562292098999023,False,False,3,0.7529692649841309,True,True
calidris_canutus/XC1000372.mp3,test_hard,Calidris canutus,3,2,,5980,Thalasseus sandvicensis_Sandwich Tern,0.21837030351161957,False,True,3,0.9916986227035522,True,True
calidris_canutus/XC995745.mp3,test_hard,Calidris canutus,3,2,,4642,Pinicola enucleator_Pine Grosbeak,0.028978455811738968,False,False,3,0.2484540343284607,True,True
calidris_canutus/XC973428.mp3,test_hard,Calidris canutus,3,1,,2805,Histrionicus histrionicus_Harlequin Duck,0.10856097936630249,False,False,18,0.3586551249027252,False,False
calidris_canutus/XC973424.mp3,test_hard,Calidris canutus,3,2,,1956,Dromas ardeola_Crab-Plover,0.0910036489367485,False,False,3,0.5000061988830566,True,True
calidris_canutus/XC947732.mp3,test_hard,Calidris canutus,3,7,,5760,Strix aluco_Tawny Owl,0.594455361366272,False,True,3,0.9997338652610779,True,True
calidris_canutus/XC943620.mp3,test_hard,Calidris canutus,3,12,3.0,855,Calidris canutus_Red Knot,0.9402270317077637,True,True,3,0.9999855756759644,True,True
calidris_canutus/XC938932.mp3,test_hard,Calidris canutus,3,11,3.0,855,Calidris canutus_Red Knot,0.6808128952980042,True,True,3,0.9997770190238953,True,True
calidris_canutus/XC799495.mp3,test_hard,Calidris canutus,3,4,,771,Burhinus oedicnemus_Eurasian Thick-knee,0.26179683208465576,False,True,3,0.9965448975563049,True,True
calidris_canutus/XC680106.mp3,test_hard,Calidris canutus,3,6,3.0,855,Calidris canutus_Red Knot,0.989431619644165,True,True,3,0.9999366998672485,True,True
calidris_canutus/XC667735.mp3,test_hard,Calidris canutus,3,19,,4154,Otus scops_Eurasian Scops-Owl,0.6546066403388977,False,True,3,0.9901669025421143,True,True
calidris_canutus/XC645981.mp3,test_hard,Calidris canutus,3,14,3.0,855,Calidris canutus_Red Knot,0.6564598679542542,True,True,3,0.9996044039726257,True,True
calidris_canutus/XC645099.mp3,test_hard,Calidris canutus,3,3,3.0,855,Calidris canutus_Red Knot,0.21974988281726837,True,True,3,0.9996685981750488,True,True
calidris_canutus/XC602031.mp3,test_hard,Calidris canutus,3,19,,2420,Gallinula chloropus_Eurasian Moorhen,0.41708457469940186,False,False,3,0.9997692704200745,True,True
calidris_canutus/XC591652.mp3,test_hard,Calidris canutus,3,2,,4859,Porzana carolina_Sora,0.22283749282360077,False,False,3,0.910830020904541,True,True
calidris_canutus/XC588534.mp3,test_hard,Calidris canutus,3,4,,853,Calidris alpina_Dunlin,0.861117422580719,False,False,3,0.7532298564910889,True,True
calidris_canutus/XC584770.mp3,test_hard,Calidris canutus,3,9,,485,Arenaria interpres_Ruddy Turnstone,0.8212841153144836,False,False,3,0.9861766695976257,True,True
calidris_canutus/XC506546.mp3,test_hard,Calidris canutus,3,20,,1276,Chroicocephalus ridibundus_Black-headed Gull,0.607617199420929,False,False,3,0.995925784111023,True,True
calidris_canutus/XC506113.mp3,test_hard,Calidris canutus,3,31,,6266,Turdus pilaris_Fieldfare,0.8396425247192383,False,True,3,0.9969109892845154,True,True
calidris_canutus/XC430439.mp3,test_hard,Calidris canutus,3,1,,267,Anas platyrhynchos_Mallard,0.0143560990691185,False,False,3,0.9294572472572327,True,True
calidris_canutus/XC761067.mp3,test_hard,Calidris canutus,3,6,,2977,Ixobrychus minutus_Little Bittern,0.08920291066169739,False,False,3,0.9804112911224365,True,True
calidris_canutus/XC557977.mp3,test_hard,Calidris canutus,3,4,3.0,855,Calidris canutus_Red Knot,0.19342516362667084,True,True,3,0.9949677586555481,True,True
calidris_canutus/XC554086.mp3,test_hard,Calidris canutus,3,9,,2414,Gallinago media_Great Snipe,0.09611368924379349,False,False,3,0.9987280964851379,True,True
calidris_fuscicollis/XC1079863.mp3,test_hard,Calidris fuscicollis,4,8,4.0,858,Calidris fuscicollis_White-rumped Sandpiper,0.667741596698761,True,True,4,0.9216644167900085,True,True
calidris_fuscicollis/XC20607.mp3,test_hard,Calidris fuscicollis,4,3,,2098,Emberiza citrinella_Yellowhammer,0.8343867063522339,False,False,4,0.6232709884643555,True,True
calidris_melanotos/XC1048168.mp3,test_hard,Calidris melanotos,5,5,5.0,862,Calidris melanotos_Pectoral Sandpiper,0.4360370337963104,True,True,2,0.498144268989563,False,True
calidris_melanotos/XC997067.mp3,test_hard,Calidris melanotos,5,2,,2103,Emberiza hortulana_Ortolan Bunting,0.08028873056173325,False,False,3,0.38646847009658813,False,False
calidris_melanotos/XC931342.mp3,test_hard,Calidris melanotos,5,4,,3535,Merops orientalis_Green Bee-eater,0.04585309699177742,False,False,11,0.3516310453414917,False,False
calidris_melanotos/XC786217.mp3,test_hard,Calidris melanotos,5,2,,148,Alaudala raytal_Sand Lark,0.0870075598359108,False,False,5,0.6982238292694092,True,True
calidris_melanotos/XC750306.mp3,test_hard,Calidris melanotos,5,1,,4346,Petrochelidon pyrrhonota_Cliff Swallow,0.04198775067925453,False,False,2,0.6670354604721069,False,True
calidris_melanotos/XC693036.mp3,test_hard,Calidris melanotos,5,4,,3392,Mareca strepera_Gadwall,0.13542793691158295,False,False,3,0.7798972725868225,False,True
calidris_melanotos/XC693034.mp3,test_hard,Calidris melanotos,5,7,,3392,Mareca strepera_Gadwall,0.6798073649406433,False,True,3,0.6937174201011658,False,True
calidris_melanotos/XC549233.mp3,test_hard,Calidris melanotos,5,4,,5642,Spizelloides arborea_American Tree Sparrow,0.5122047662734985,False,False,17,0.5092580318450928,False,False
calidris_melanotos/XC396682.mp3,test_hard,Calidris melanotos,5,7,,6151,Tringa erythropus_Spotted Redshank,0.35643476247787476,False,False,18,0.6442572474479675,False,False
calidris_melanotos/XC396681.mp3,test_hard,Calidris melanotos,5,7,,3473,Melanitta nigra_Common Scoter,0.1635235697031021,False,False,18,0.5822439789772034,False,False
calidris_melanotos/XC396666.mp3,test_hard,Calidris melanotos,5,5,,6151,Tringa erythropus_Spotted Redshank,0.27451926469802856,False,False,5,0.3445828855037689,True,True
calidris_melanotos/XC176521.mp3,test_hard,Calidris melanotos,5,1,,4912,Prunella collaris_Alpine Accentor,0.033726420253515244,False,True,5,0.7992810606956482,True,True
calidris_melanotos/XC95211.mp3,test_hard,Calidris melanotos,5,4,5.0,862,Calidris melanotos_Pectoral Sandpiper,0.8709507584571838,True,True,5,0.9964117407798767,True,True
calidris_melanotos/XC596696.mp3,test_hard,Calidris melanotos,5,3,5.0,862,Calidris melanotos_Pectoral Sandpiper,0.7935166954994202,True,True,5,0.9385557770729065,True,True
calidris_melanotos/XC461097.mp3,test_hard,Calidris melanotos,5,1,5.0,862,Calidris melanotos_Pectoral Sandpiper,0.5961214303970337,True,True,5,0.9981802701950073,True,True
calidris_minutilla/XC1030168.mp3,test_hard,Calidris minutilla,6,1,,1533,Contopus cinereus_Tropical Pewee,0.016396701335906982,False,True,6,0.9446213841438293,True,True
calidris_minutilla/XC1021195.mp3,test_hard,Calidris minutilla,6,3,,5628,Spinus spinus_Eurasian Siskin,0.28883227705955505,False,False,6,0.9493926167488098,True,True
calidris_minutilla/XC975334.mp3,test_hard,Calidris minutilla,6,1,,4478,Phoenicurus fuliginosus_Plumbeous Redstart,0.10153638571500778,False,True,6,0.9884694218635559,True,True
calidris_minutilla/XC975332.mp3,test_hard,Calidris minutilla,6,1,,3659,Montifringilla nivalis_White-winged Snowfinch,0.12791794538497925,False,False,6,0.8790671229362488,True,True
calidris_minutilla/XC780201.mp3,test_hard,Calidris minutilla,6,2,6.0,864,Calidris minutilla_Least Sandpiper,0.8236404061317444,True,True,6,0.9941462278366089,True,True
calidris_minutilla/XC268819.mp3,test_hard,Calidris minutilla,6,6,,173,Allonemobius allardi_Allard's Ground Cricket,0.8223158121109009,False,False,6,0.568649172782898,True,True
calidris_minutilla/XC268816.mp3,test_hard,Calidris minutilla,6,14,,4541,Phylloscopus collybita_Common Chiffchaff,0.3057664632797241,False,True,6,0.9007623791694641,True,True
calidris_minutilla/XC268811.mp3,test_hard,Calidris minutilla,6,3,,1985,Dryobates minor_Lesser Spotted Woodpecker,0.43728169798851013,False,False,6,0.768197238445282,True,True
calidris_minutilla/XC267510.mp3,test_hard,Calidris minutilla,6,4,6.0,864,Calidris minutilla_Least Sandpiper,0.9661218523979187,True,True,6,0.9996838569641113,True,True
calidris_minutilla/XC256862.mp3,test_hard,Calidris minutilla,6,1,6.0,864,Calidris minutilla_Least Sandpiper,0.05263766273856163,True,True,6,0.8469052910804749,True,True
calidris_minutilla/XC159252.mp3,test_hard,Calidris minutilla,6,9,,1883,Dendrocygna autumnalis_Black-bellied Whistling-Duck,0.3983284831047058,False,True,6,0.3135487735271454,True,True
calidris_pusilla/XC556178.mp3,test_hard,Calidris pusilla,7,3,,6158,Tringa ochropus_Green Sandpiper,0.5315293669700623,False,False,7,0.9752835631370544,True,True
calidris_pusilla/XC268827.mp3,test_hard,Calidris pusilla,7,1,,4320,Perdicula erythrorhyncha_Painted Bush-Quail,0.1379111111164093,False,True,5,0.5261126756668091,False,True
calidris_pusilla/XC268825.mp3,test_hard,Calidris pusilla,7,4,,1985,Dryobates minor_Lesser Spotted Woodpecker,0.3282460868358612,False,False,7,0.1980014592409134,True,True
calidris_pusilla/XC268824.mp3,test_hard,Calidris pusilla,7,1,,2648,Haemorhous mexicanus_House Finch,0.09502588957548141,False,False,7,0.5030171275138855,True,True
calidris_pusilla/XC7315.mp3,test_hard,Calidris pusilla,7,3,,3293,Loxia curvirostra_Red Crossbill,0.3802053928375244,False,True,7,0.7912805676460266,True,True
calidris_pusilla/XC625677.mp3,test_hard,Calidris pusilla,7,2,,1179,Charadrius semipalmatus_Semipalmated Plover,0.9876888394355774,False,False,3,0.8905916810035706,False,False
calidris_pusilla/XC268835.mp3,test_hard,Calidris pusilla,7,2,,2473,Geositta cunicularia_Common Miner,0.06294453144073486,False,True,7,0.5363538265228271,True,True
calidris_pusilla/XC268831.mp3,test_hard,Calidris pusilla,7,12,7.0,867,Calidris pusilla_Semipalmated Sandpiper,0.7003050446510315,True,True,7,0.43099597096443176,True,True
calidris_pusilla/XC268830.mp3,test_hard,Calidris pusilla,7,7,,1985,Dryobates minor_Lesser Spotted Woodpecker,0.47357967495918274,False,False,6,0.19510574638843536,False,True
chauna_torquata/XC844833.mp3,test_hard,Chauna torquata,8,2,,2423,Gallirallus australis_Weka,0.204598069190979,False,False,8,0.9996083378791809,True,True
chauna_torquata/XC1082667.mp3,test_hard,Chauna torquata,8,13,8.0,1190,Chauna torquata_Southern Screamer,0.9870569705963135,True,True,8,0.9796693921089172,True,True
chauna_torquata/XC579692.mp3,test_hard,Chauna torquata,8,13,8.0,1190,Chauna torquata_Southern Screamer,0.9768425822257996,True,True,8,0.9982022047042847,True,True
chauna_torquata/XC358400.mp3,test_hard,Chauna torquata,8,2,,308,Anser brachyrhynchus_Pink-footed Goose,0.055272046476602554,False,False,8,0.9614232182502747,True,True
chauna_torquata/XC173871.mp3,test_hard,Chauna torquata,8,7,8.0,1190,Chauna torquata_Southern Screamer,0.9999215602874756,True,True,8,0.9979435801506042,True,True
columba_livia/XC1102025.mp3,test_hard,Columba livia,9,3,,1690,Crotophaga major_Greater Ani,0.29755204916000366,False,False,13,0.2569659352302551,False,True
columba_livia/XC1059678.mp3,test_hard,Columba livia,9,5,,1490,Columba oenas_Stock Dove,0.854948878288269,False,True,9,0.9963900446891785,True,True
columba_livia/XC980306.mp3,test_hard,Columba livia,9,6,9.0,1489,Columba livia_Rock Pigeon,0.8720734715461731,True,True,9,0.993021547794342,True,True
columba_livia/XC980291.mp3,test_hard,Columba livia,9,5,9.0,1489,Columba livia_Rock Pigeon,0.8037862181663513,True,True,9,0.9879647493362427,True,True
columba_livia/XC980290.mp3,test_hard,Columba livia,9,4,9.0,1489,Columba livia_Rock Pigeon,0.9409209489822388,True,True,9,0.9959684610366821,True,True
columba_livia/XC847146.mp3,test_hard,Columba livia,9,19,,1998,Dryocopus pileatus_Pileated Woodpecker,0.5872523188591003,False,False,9,0.7627657651901245,True,True
columba_livia/XC840432.mp3,test_hard,Columba livia,9,7,9.0,1489,Columba livia_Rock Pigeon,0.35519883036613464,True,True,9,0.851024329662323,True,True
columba_livia/XC773361.mp3,test_hard,Columba livia,9,25,9.0,1489,Columba livia_Rock Pigeon,0.8706878423690796,True,True,9,0.9993788003921509,True,True
columba_livia/XC661807.mp3,test_hard,Columba livia,9,9,9.0,1489,Columba livia_Rock Pigeon,0.8656203746795654,True,True,9,0.9984956979751587,True,True
columba_livia/XC637685.mp3,test_hard,Columba livia,9,6,9.0,1489,Columba livia_Rock Pigeon,0.06552956253290176,True,True,9,0.9672002196311951,True,True
columba_livia/XC550346.mp3,test_hard,Columba livia,9,7,9.0,1489,Columba livia_Rock Pigeon,0.7184478044509888,True,True,9,0.9990100860595703,True,True
columba_livia/XC513867.mp3,test_hard,Columba livia,9,8,9.0,1489,Columba livia_Rock Pigeon,0.5991654396057129,True,True,9,0.9903439283370972,True,True
columba_livia/XC408823.mp3,test_hard,Columba livia,9,41,,749,Bubo virginianus_Great Horned Owl,0.8707467913627625,False,False,9,0.847017228603363,True,True
columba_livia/XC387815.mp3,test_hard,Columba livia,9,52,9.0,1489,Columba livia_Rock Pigeon,0.9926757216453552,True,True,9,0.995118260383606,True,True
columba_livia/XC361753.mp3,test_hard,Columba livia,9,5,,749,Bubo virginianus_Great Horned Owl,0.7878156304359436,False,True,9,0.9979256391525269,True,True
columba_livia/XC323559.mp3,test_hard,Columba livia,9,5,9.0,1489,Columba livia_Rock Pigeon,0.9319398999214172,True,True,9,0.9851678609848022,True,True
columba_livia/XC208882.mp3,test_hard,Columba livia,9,12,,5145,Pycnonotus luteolus_White-browed Bulbul,0.5830036401748657,False,False,9,0.8377898335456848,True,True
columba_livia/XC194176.mp3,test_hard,Columba livia,9,14,9.0,1489,Columba livia_Rock Pigeon,0.991331934928894,True,True,9,0.9999799728393555,True,True
columba_livia/XC187051.mp3,test_hard,Columba livia,9,1,9.0,1489,Columba livia_Rock Pigeon,0.5726106762886047,True,True,9,0.9962288737297058,True,True
columba_livia/XC170450.mp3,test_hard,Columba livia,9,30,9.0,1489,Columba livia_Rock Pigeon,0.7958534955978394,True,True,9,0.9986087679862976,True,True
columba_livia/XC165837.mp3,test_hard,Columba livia,9,7,,5094,Ptilinopus regina_Rose-crowned Fruit-Dove,0.2826382517814636,False,False,9,0.8822693228721619,True,True
columba_livia/XC163851.mp3,test_hard,Columba livia,9,8,,59,Acrocephalus dumetorum_Blyth's Reed Warbler,0.11170703172683716,False,False,9,0.5271385312080383,True,True
columba_livia/XC154259.mp3,test_hard,Columba livia,9,5,,5423,Scolopax minor_American Woodcock,0.1443641483783722,False,True,9,0.31811463832855225,True,True
columba_livia/XC146725.mp3,test_hard,Columba livia,9,4,,1715,Cuculus canorus_Common Cuckoo,0.28546851873397827,False,False,13,0.3341302275657654,False,True
columba_livia/XC144228.mp3,test_hard,Columba livia,9,12,,1502,Columbina talpacoti_Ruddy Ground Dove,0.7737927436828613,False,True,9,0.8702957034111023,True,True
columba_livia/XC113783.mp3,test_hard,Columba livia,9,3,,749,Bubo virginianus_Great Horned Owl,0.25844496488571167,False,False,9,0.9763838648796082,True,True
columba_livia/XC108758.mp3,test_hard,Columba livia,9,2,,1709,Crypturellus soui_Little Tinamou,0.48178786039352417,False,False,9,0.28076687455177307,True,True
columba_livia/XC58488.mp3,test_hard,Columba livia,9,3,,2489,Geothlypis trichas_Common Yellowthroat,0.3358323872089386,False,False,9,0.3324047029018402,True,True
columba_livia/XC6924.mp3,test_hard,Columba livia,9,16,9.0,1489,Columba livia_Rock Pigeon,0.9780639410018921,True,True,9,0.8323459625244141,True,True
columba_livia/XC973472.mp3,test_hard,Columba livia,9,3,4.0,858,Calidris fuscicollis_White-rumped Sandpiper,0.06907468289136887,False,False,9,0.8243610858917236,True,True
heliornis_fulica/XC376597.mp3,test_hard,Heliornis fulica,10,8,,3189,Leptotila verreauxi_White-tipped Dove,0.18412747979164124,False,False,10,0.532402515411377,True,True
jabiru_mycteria/XC9021.mp3,test_hard,Jabiru mycteria,11,14,,6084,Todirostrum cinereum_Common Tody-Flycatcher,0.3797962963581085,False,False,11,0.9267771244049072,True,True
ortalis_canicollis/XC699673.mp3,test_hard,Ortalis canicollis,12,5,,2791,Himantopus mexicanus_Black-necked Stilt,0.28801655769348145,False,False,12,0.9408442974090576,True,True
ortalis_canicollis/XC343334.mp3,test_hard,Ortalis canicollis,12,2,,4112,Ortalis garrula_Chestnut-winged Chachalaca,0.07968194782733917,False,False,12,0.974015474319458,True,True
pipile_jacutinga/XC923142.mp3,test_hard,Pipile jacutinga,13,7,,4187,Pachyphantes superciliosus_Compact Weaver,0.07463721185922623,False,False,13,0.8465249538421631,True,True
pluvialis_dominica/XC752916.mp3,test_hard,Pluvialis dominica,14,1,,3205,Leucosticte australis_Brown-capped Rosy-Finch,0.0984329879283905,False,False,14,0.34434178471565247,True,True
pluvialis_dominica/XC752915.mp3,test_hard,Pluvialis dominica,14,1,,1175,Charadrius morinellus_Eurasian Dotterel,0.12481674551963806,False,False,3,0.47699594497680664,False,False
pluvialis_dominica/XC686788.mp3,test_hard,Pluvialis dominica,14,1,14.0,4753,Pluvialis dominica_American Golden-Plover,0.09583728015422821,True,True,14,0.9887993931770325,True,True
pluvialis_dominica/XC621995.mp3,test_hard,Pluvialis dominica,14,7,14.0,4753,Pluvialis dominica_American Golden-Plover,0.5613455772399902,True,True,14,0.9196657538414001,True,True
pluvialis_dominica/XC535187.mp3,test_hard,Pluvialis dominica,14,18,14.0,4753,Pluvialis dominica_American Golden-Plover,0.9379796981811523,True,True,14,0.8668482303619385,True,True
pluvialis_dominica/XC88877.mp3,test_hard,Pluvialis dominica,14,3,,1179,Charadrius semipalmatus_Semipalmated Plover,0.8413704633712769,False,True,14,0.9185466766357422,True,True
pluvialis_dominica/XC698192.mp3,test_hard,Pluvialis dominica,14,10,15.0,4755,Pluvialis squatarola_Black-bellied Plover,0.8693485856056213,False,True,14,0.43523499369621277,True,True
pluvialis_dominica/XC197401.mp3,test_hard,Pluvialis dominica,14,7,,5716,Sterna hirundo_Common Tern,0.02237699367105961,False,False,9,0.3395284414291382,False,False
pluvialis_squatarola/XC1065282.mp3,test_hard,Pluvialis squatarola,15,5,15.0,4755,Pluvialis squatarola_Black-bellied Plover,0.24756404757499695,True,True,3,0.3940099775791168,False,True
pluvialis_squatarola/XC1065281.mp3,test_hard,Pluvialis squatarola,15,2,,5182,Pyrrhula pyrrhula_Eurasian Bullfinch,0.2644737660884857,False,False,3,0.636542022228241,False,True
pluvialis_squatarola/XC1065273.mp3,test_hard,Pluvialis squatarola,15,2,,4642,Pinicola enucleator_Pine Grosbeak,0.32776692509651184,False,False,14,0.3258741497993469,False,False
pluvialis_squatarola/XC1058992.mp3,test_hard,Pluvialis squatarola,15,2,,5776,Sturnella magna_Eastern Meadowlark,0.3726676404476166,False,False,6,0.25183236598968506,False,False
pluvialis_squatarola/XC1056536.mp3,test_hard,Pluvialis squatarola,15,12,15.0,4755,Pluvialis squatarola_Black-bellied Plover,0.5870037078857422,True,True,15,0.7746261358261108,True,True
pluvialis_squatarola/XC1043307.mp3,test_hard,Pluvialis squatarola,15,12,,4752,Pluvialis apricaria_European Golden-Plover,0.268118679523468,False,True,18,0.25475817918777466,False,True
pluvialis_squatarola/XC1031181.mp3,test_hard,Pluvialis squatarola,15,5,15.0,4755,Pluvialis squatarola_Black-bellied Plover,0.9862982630729675,True,True,15,0.9614830613136292,True,True
pluvialis_squatarola/XC1028280.mp3,test_hard,Pluvialis squatarola,15,4,15.0,4755,Pluvialis squatarola_Black-bellied Plover,0.9586602449417114,True,True,15,0.8684152364730835,True,True
pluvialis_squatarola/XC1000049.mp3,test_hard,Pluvialis squatarola,15,2,,784,Buteo jamaicensis_Red-tailed Hawk,0.5054740309715271,False,True,15,0.8573541641235352,True,True
pluvialis_squatarola/XC997832.mp3,test_hard,Pluvialis squatarola,15,2,,4752,Pluvialis apricaria_European Golden-Plover,0.4831008017063141,False,True,15,0.4486430287361145,True,True
pluvialis_squatarola/XC992340.mp3,test_hard,Pluvialis squatarola,15,1,,5395,Schiffornis virescens_Greenish Schiffornis,0.12352140992879868,False,True,15,0.4751467704772949,True,True
pluvialis_squatarola/XC987152.mp3,test_hard,Pluvialis squatarola,15,2,15.0,4755,Pluvialis squatarola_Black-bellied Plover,0.9692756533622742,True,True,15,0.9608088731765747,True,True
pluvialis_squatarola/XC980675.mp3,test_hard,Pluvialis squatarola,15,2,,785,Buteo japonicus_Eastern Buzzard,0.37944960594177246,False,True,15,0.8082624673843384,True,True
pluvialis_squatarola/XC979985.mp3,test_hard,Pluvialis squatarola,15,2,,2176,Erithacus rubecula_European Robin,0.4559047222137451,False,True,13,0.37030377984046936,False,True
pluvialis_squatarola/XC974532.mp3,test_hard,Pluvialis squatarola,15,4,15.0,4755,Pluvialis squatarola_Black-bellied Plover,0.8744086027145386,True,True,15,0.8662055134773254,True,True
pluvialis_squatarola/XC961288.mp3,test_hard,Pluvialis squatarola,15,25,,970,Caprimulgus europaeus_Eurasian Nightjar,0.33292096853256226,False,False,13,0.6897152066230774,False,False
pluvialis_squatarola/XC940748.mp3,test_hard,Pluvialis squatarola,15,4,15.0,4755,Pluvialis squatarola_Black-bellied Plover,0.9741438627243042,True,True,15,0.9313878417015076,True,True
pluvialis_squatarola/XC935500.mp3,test_hard,Pluvialis squatarola,15,2,15.0,4755,Pluvialis squatarola_Black-bellied Plover,0.37323734164237976,True,True,15,0.7362982630729675,True,True
pluvialis_squatarola/XC931001.mp3,test_hard,Pluvialis squatarola,15,2,15.0,4755,Pluvialis squatarola_Black-bellied Plover,0.8009529113769531,True,True,15,0.9819321632385254,True,True
pluvialis_squatarola/XC924511.mp3,test_hard,Pluvialis squatarola,15,2,15.0,4755,Pluvialis squatarola_Black-bellied Plover,0.8066357970237732,True,True,15,0.8972939252853394,True,True
pluvialis_squatarola/XC902083.mp3,test_hard,Pluvialis squatarola,15,9,15.0,4755,Pluvialis squatarola_Black-bellied Plover,0.9939084053039551,True,True,15,0.9920794367790222,True,True
pluvialis_squatarola/XC899871.mp3,test_hard,Pluvialis squatarola,15,13,15.0,4755,Pluvialis squatarola_Black-bellied Plover,0.9797275066375732,True,True,15,0.9725849032402039,True,True
pluvialis_squatarola/XC893650.mp3,test_hard,Pluvialis squatarola,15,3,,5383,Sayornis saya_Say's Phoebe,0.1469506472349167,False,True,17,0.20071646571159363,False,False
pluvialis_squatarola/XC809925.mp3,test_hard,Pluvialis squatarola,15,4,,4245,Passer domesticus_House Sparrow,0.2201819270849228,False,False,0,0.24757346510887146,False,False
pluvialis_squatarola/XC755488.mp3,test_hard,Pluvialis squatarola,15,2,15.0,4755,Pluvialis squatarola_Black-bellied Plover,0.7964327931404114,True,True,15,0.8773032426834106,True,True
pluvialis_squatarola/XC704392.mp3,test_hard,Pluvialis squatarola,15,2,15.0,4755,Pluvialis squatarola_Black-bellied Plover,0.5855518579483032,True,True,15,0.992198646068573,True,True
pluvialis_squatarola/XC666630.mp3,test_hard,Pluvialis squatarola,15,13,15.0,4755,Pluvialis squatarola_Black-bellied Plover,0.9968628287315369,True,True,15,0.9971725940704346,True,True
pluvialis_squatarola/XC617925.mp3,test_hard,Pluvialis squatarola,15,7,15.0,4755,Pluvialis squatarola_Black-bellied Plover,0.28338560461997986,True,True,3,0.727279007434845,False,False
pluvialis_squatarola/XC615882.mp3,test_hard,Pluvialis squatarola,15,5,15.0,4755,Pluvialis squatarola_Black-bellied Plover,0.9907160997390747,True,True,15,0.9968781471252441,True,True
pluvialis_squatarola/XC594802.mp3,test_hard,Pluvialis squatarola,15,17,15.0,4755,Pluvialis squatarola_Black-bellied Plover,0.9646492600440979,True,True,15,0.8353861570358276,True,True
ramphastos_toco/XC253995.mp3,test_hard,Ramphastos toco,16,20,16.0,5228,Ramphastos toco_Toco Toucan,0.9999690651893616,True,True,16,0.9999014139175415,True,True
ramphastos_toco/XC10278.mp3,test_hard,Ramphastos toco,16,4,16.0,5228,Ramphastos toco_Toco Toucan,0.9997453093528748,True,True,16,0.9999717473983765,True,True
rhea_americana/XC510934.mp3,test_hard,Rhea americana,17,2,,6489,Zonotrichia capensis_Rufous-collared Sparrow,0.6205002665519714,False,True,17,0.9751139879226685,True,True
rhea_americana/XC314181.mp3,test_hard,Rhea americana,17,1,,3250,Locustella luscinioides_Savi's Warbler,0.030481351539492607,False,False,17,0.8884705305099487,True,True
rhea_americana/XC127143.mp3,test_hard,Rhea americana,17,1,,2172,Eremophila alpestris_Horned Lark,0.010720754973590374,False,False,17,0.6520380973815918,True,True
rhea_americana/XC482438.mp3,test_hard,Rhea americana,17,6,,3155,Lepidothrix serena_White-fronted Manakin,0.03756220266222954,False,False,17,0.6308920383453369,True,True
tringa_flavipes/XC1020687.mp3,test_hard,Tringa flavipes,18,4,18.0,6152,Tringa flavipes_Lesser Yellowlegs,0.7659133076667786,True,True,18,0.7449418306350708,True,True
tringa_flavipes/XC1013224.mp3,test_hard,Tringa flavipes,18,2,,3541,Merops variegatus_Blue-breasted Bee-eater,0.18919838964939117,False,True,18,0.5812793970108032,True,True
tringa_flavipes/XC854809.mp3,test_hard,Tringa flavipes,18,1,18.0,6152,Tringa flavipes_Lesser Yellowlegs,0.3717593550682068,True,True,18,0.8977251052856445,True,True
tringa_flavipes/XC785526.mp3,test_hard,Tringa flavipes,18,3,18.0,6152,Tringa flavipes_Lesser Yellowlegs,0.2529265880584717,True,True,18,0.7934360504150391,True,True
tringa_flavipes/XC721568.mp3,test_hard,Tringa flavipes,18,3,18.0,6152,Tringa flavipes_Lesser Yellowlegs,0.9505431056022644,True,True,18,0.8440985083580017,True,True
tringa_flavipes/XC711451.mp3,test_hard,Tringa flavipes,18,4,18.0,6152,Tringa flavipes_Lesser Yellowlegs,0.2849843502044678,True,True,18,0.9363728165626526,True,True
tringa_flavipes/XC711189.mp3,test_hard,Tringa flavipes,18,4,,6161,Tringa stagnatilis_Marsh Sandpiper,0.1749483346939087,False,True,3,0.6260641813278198,False,True
tringa_flavipes/XC535246.mp3,test_hard,Tringa flavipes,18,24,19.0,6156,Tringa melanoleuca_Greater Yellowlegs,0.9469841718673706,False,False,19,0.3522871136665344,False,False
tringa_flavipes/XC473163.mp3,test_hard,Tringa flavipes,18,1,19.0,6156,Tringa melanoleuca_Greater Yellowlegs,0.876465916633606,False,True,18,0.5267325043678284,True,True
tringa_flavipes/XC268834.mp3,test_hard,Tringa flavipes,18,8,,6157,Tringa nebularia_Common Greenshank,0.960195004940033,False,True,18,0.8649283647537231,True,True
tringa_flavipes/XC268828.mp3,test_hard,Tringa flavipes,18,8,,6157,Tringa nebularia_Common Greenshank,0.3326357305049896,False,True,18,0.9376566410064697,True,True
tringa_flavipes/XC84380.mp3,test_hard,Tringa flavipes,18,2,18.0,6152,Tringa flavipes_Lesser Yellowlegs,0.08392610400915146,True,True,19,0.8966236114501953,False,True
tringa_flavipes/XC921022.mp3,test_hard,Tringa flavipes,18,35,,1182,Charadrius vociferus_Killdeer,0.9984883069992065,False,True,18,0.4321870505809784,True,True
tringa_flavipes/XC921006.mp3,test_hard,Tringa flavipes,18,14,,6157,Tringa nebularia_Common Greenshank,0.75472491979599,False,True,6,0.7633575201034546,False,False
tringa_flavipes/XC268823.mp3,test_hard,Tringa flavipes,18,2,18.0,6152,Tringa flavipes_Lesser Yellowlegs,0.7507483959197998,True,True,18,0.8172365427017212,True,True
tringa_melanoleuca/XC1036577.mp3,test_hard,Tringa melanoleuca,19,19,,4632,Picus canus_Gray-headed Woodpecker,0.4435616433620453,False,True,19,0.9512519836425781,True,True
tringa_melanoleuca/XC1021069.mp3,test_hard,Tringa melanoleuca,19,6,,124,Agelaius phoeniceus_Red-winged Blackbird,0.3744199573993683,False,True,19,0.9284722805023193,True,True
tringa_melanoleuca/XC1021068.mp3,test_hard,Tringa melanoleuca,19,3,,4933,Pseudacris crucifer_Spring Peeper,0.18107575178146362,False,True,19,0.6502476334571838,True,True
tringa_melanoleuca/XC1021067.mp3,test_hard,Tringa melanoleuca,19,4,,6157,Tringa nebularia_Common Greenshank,0.7368361353874207,False,True,19,0.7718345522880554,True,True
tringa_melanoleuca/XC1021055.mp3,test_hard,Tringa melanoleuca,19,3,,2911,Icterus galbula_Baltimore Oriole,0.21620187163352966,False,True,19,0.8742642402648926,True,True
tringa_melanoleuca/XC517465.mp3,test_hard,Tringa melanoleuca,19,5,19.0,6156,Tringa melanoleuca_Greater Yellowlegs,0.9917064309120178,True,True,19,0.8680351972579956,True,True
tringa_melanoleuca/XC294552.mp3,test_hard,Tringa melanoleuca,19,3,,4211,Pandion haliaetus_Osprey,0.5107026100158691,False,False,19,0.7315101623535156,True,True
tringa_melanoleuca/XC294551.mp3,test_hard,Tringa melanoleuca,19,3,,6157,Tringa nebularia_Common Greenshank,0.13260145485401154,False,False,19,0.5647354125976562,True,True
tringa_melanoleuca/XC287648.mp3,test_hard,Tringa melanoleuca,19,31,19.0,6156,Tringa melanoleuca_Greater Yellowlegs,0.981110692024231,True,True,19,0.8452503681182861,True,True
tringa_melanoleuca/XC268809.mp3,test_hard,Tringa melanoleuca,19,32,19.0,6156,Tringa melanoleuca_Greater Yellowlegs,0.9947978258132935,True,True,19,0.8967009782791138,True,True
tringa_melanoleuca/XC244235.mp3,test_hard,Tringa melanoleuca,19,9,19.0,6156,Tringa melanoleuca_Greater Yellowlegs,0.7988434433937073,True,True,19,0.9839572906494141,True,True
tringa_melanoleuca/XC231536.mp3,test_hard,Tringa melanoleuca,19,4,19.0,6156,Tringa melanoleuca_Greater Yellowlegs,0.6602858901023865,True,True,19,0.6383768916130066,True,True
tringa_melanoleuca/XC142536.mp3,test_hard,Tringa melanoleuca,19,4,,4211,Pandion haliaetus_Osprey,0.835600733757019,False,False,19,0.5000373721122742,True,True
